Error Code ID,Packed,Version,Doc Rev,Original Author,Author Basis,Name,Message,Severity,Severity Name,Quick Action,Quick Action Name,Recover / Troubleshooting Procedure,Probable Causes,Error Type,Category,Category Name,Component,Test Case,Source,Catalog,Bugs,Owner,Since,Disposition,Retryable,Retired,Doc URL
TH-C2C-0010-S4Q9,390660106,1,0.4,Ulysses Kao,spec author (no DRI listed),C2C_CONFIG_REQUEST_FAILED,Firmware rejected the Ethernet configuration request or the configuration helper received a non-OK firmware status. No FLR is attempted; earlier chips may already have stored the override.,4,ERROR_TRIAGE,9,QA_ESCALATE,Inspect the firmware status and host/firmware compatibility; common-reset the tray before retrying to clear partially stored overrides.,Firmware rejected or could not store the requested MAC/PHY configuration | Host and firmware configuration support differs,Software,7,CATEGORY_SOFTWARE,C2C.SOHU_SERDES,C2cConfigureMultiChipTestCase,Common,common,,supercomputing-sw,unreleased,ERROR,False,,
TH-C2C-0011-S4Q9,390660107,1,0.4,Ulysses Kao,spec author (no DRI listed),C2C_CONFIG_FLR_FAILED,"All Ethernet override requests were stored, but the FLR helper returned an error while applying them. FEC readback was not attempted, so the requested configuration is unverified and this code alone does not diagnose hardware.",4,ERROR_TRIAGE,9,QA_ESCALATE,"Inspect the FLR error, proxy health, and firmware recovery; common-reset the tray before rerunning configuration and link validation.",RPC proxy or PCIe reset operation failed | Firmware did not become pingable within the post-FLR recovery timeout,Software,7,CATEGORY_SOFTWARE,C2C.SOHU_SERDES,C2cConfigureMultiChipTestCase,Common,common,,supercomputing-sw,unreleased,ERROR,False,,
TH-C2C-0012-S4Q9,357105676,1,0.4,Ulysses Kao,spec author (no DRI listed),C2C_CONFIG_READBACK_MISMATCH,"After storing the override and completing FLR, one or more datalink pairs reported an unset FEC mode or a mode different from the requested value. All readback mismatches are included in the test message. This proves a configuration mismatch, not a link-quality or hardware failure.",4,ERROR_TRIAGE,9,QA_ESCALATE,"Compare expected and actual modes, inspect firmware configuration application and competing resets, then rerun configuration and link validation.",Firmware did not apply the requested mode to every datalink pair | A reset or another configuration request replaced the override,Config,5,CATEGORY_CONFIG,C2C.SOHU_SERDES,C2cConfigureMultiChipTestCase,Common,common,,supercomputing-sw,unreleased,FAILED,False,,
TH-ENV-0001-S4Q9,289996801,1,0.4,Ulysses Kao,spec author (no DRI listed),HOST_NOT_REACHABLE_AFTER_BOOT,"The station host or its BMC did not answer ping or SSH after boot, so no module test could start. This is a test-system condition, not a module verdict.",4,ERROR_TRIAGE,9,QA_ESCALATE,"Connect a monitor to the Devkit and verify that the system boots successfully, then try ping with host / BMC. Collect the suite/test logs and artifacts for this failure. Escalate to Etched engineer with the collected logs.",Station host powered off or stuck before the OS came up | BMC network or management cabling fault | sshd not running or host key changed on the station host | Station host IP/DHCP reservation changed,Network,1,CATEGORY_NETWORK,1X.ENV.STATION_HOST,,Common,common,,supercomputing-sw,harness 2026.216,ERROR,False,,https://github.com/etched-ai/sw/blob/master/host/system_test/error_codes/doc/Harness.md#TH-ENV-0001
TH-ENV-0002-S4Q9,357105666,1,0.4,Aidan Holm,DRI 1 of ChromaTelemetryCheckTestCase,STATION_FIXTURE_SETUP_CHECK_FAILED,Station fixture/setup check failed (Chroma telemetry / eval board power / vfio-proxy version query or mismatch / PEX version).,4,ERROR_TRIAGE,9,QA_ESCALATE,Collect the suite/test logs and artifacts for this failure. Escalate to Etched engineer with the collected logs. DO NOT retest.,Station fixture or setup is not ready for module testing | vfio-proxy gRPC unreachable or reporting unexpected version,Config,5,CATEGORY_CONFIG,1X.ENV.STATION_FIXTURE,"ChromaTelemetryCheckTestCase, EvalBoardPowerTestCase, VfioProxyVersionTestCase, CheckPexFirmwareVersionTestCase",Common,common,,supercomputing-sw,harness 2026.216,ERROR,False,,https://github.com/etched-ai/sw/blob/master/host/system_test/error_codes/doc/ChromaTelemetryCheckTestCase.md#TH-ENV-0002
TH-ENV-0003-S4Q9,357105667,1,0.4,Mykola Servetnyk,DRI 1 of CheckPexFirmwareVersionTestCase,PLX_DAEMON_NO_PEX_SWITCHES,PLX daemon reported no PEX switches.,4,ERROR_TRIAGE,9,QA_ESCALATE,Collect the suite/test logs and artifacts for this failure. Escalate to Etched engineer with the collected logs. DO NOT retest.,VBB MCU firmware is not updated to the required version | PEX switches are unavailable to the PLX daemon,Config,5,CATEGORY_CONFIG,1X.ENV.PEX_SWITCH,CheckPexFirmwareVersionTestCase,Common,common,,supercomputing-sw,harness 2026.216,ERROR,False,,https://github.com/etched-ai/sw/blob/master/host/system_test/error_codes/doc/CheckPexFirmwareVersionTestCase.md#TH-ENV-0003
TH-ENV-0004-S4Q9,357105668,1,0.4,Aidan Holm,DRI 1 of ReloadKernelModuleTestCase,HOST_SETUP_STEP_FAILED,"A host driver/setup utility step failed: a kernel module reload, PCIe teardown or bus rescan, Kayak RAID remount, sohu_mdev sysfs parameter write, or log-reader activation returned non-zero on the station host.",4,ERROR_TRIAGE,9,QA_ESCALATE,Collect the suite/test logs and artifacts for this failure. Escalate to Etched engineer with the collected logs. DO NOT retest.,"sohu_mdev kernel module not loaded, or loaded at a version without the expected parameter | Missing sudo/permissions for the setup command on the station host | Earlier setup step in the suite failed and left the host in an unexpected state | Host tooling (driver package, log reader) not provisioned on this station | /sys/bus/pci/rescan write failed | Kayak RAID0 at /data/kayak failed to reassemble or remount after PEX teardown",Config,5,CATEGORY_CONFIG,1X.ENV.HOST_SETUP,"ReloadKernelModuleTestCase, PcieTeardownTestCase, PcieRescanTestCase, SetSkipFlrOnOpenCloseTestCase, SohuLogReaderActivateTestCase, LogReaderCaptureTestCase, PublishBootloaderTypeTestCase, KayakRaidRemountTestCase",Common,common,,supercomputing-sw,harness 2026.216,ERROR,False,,https://github.com/etched-ai/sw/blob/master/host/system_test/error_codes/doc/ReloadKernelModuleTestCase.md#TH-ENV-0004
TH-HAR-0001-S4Q0,390070273,1,0.4,Ulysses Kao,spec author (no DRI listed),TEST_TIMEOUT,A test case exceeded its configured timeout and was terminated by the harness before producing a verdict.,4,ERROR_TRIAGE,0,QA_NO_ACT,Rerun the affected subset once to check reproducibility. Route to engineering triage with the per-test log and timeout configuration.,DUT hang or severe slowdown under the test workload | Test timeout configured too low for this platform | Harness/executor stall (e.g. remote connection loss),Software,7,CATEGORY_SOFTWARE,L10.HAR.HARNESS,,Common,common,,supercomputing-sw,harness 2026.216,ABORTED,False,,https://github.com/etched-ai/sw/blob/master/host/system_test/error_codes/doc/Harness.md#TH-HAR-0001
TH-HAR-0002-S5Q9,358154242,1,0.4,Ulysses Kao,DRI 1 of SohuSecureBootRecoveryUpdateTestCase,TEST_ARGS_INVALID,"A test case was invoked with invalid or unsupported arguments (e.g. unexpected kwargs, unsupported mode) and rejected the run before touching the DUT.",5,ERROR_CONFIG,9,QA_ESCALATE,Fix the suite YAML for this test; do not route the unit to rework,Suite YAML passes arguments the test does not accept | Suite YAML requests a mode/path the test does not support,Config,5,CATEGORY_CONFIG,L10.HAR.HARNESS,"SohuSecureBootRecoveryUpdateTestCase, ServerNestedTestCase, SohuSnapTestCase, VfioProxyVersionTestCase, SohuWeightLoadTestCase, SltModuleNestedTestCase",Common,common,,supercomputing-sw,harness 2026.216,ERROR,False,,https://github.com/etched-ai/sw/blob/master/host/system_test/error_codes/doc/SohuSecureBootRecoveryUpdateTestCase.md#TH-HAR-0002
TH-HAR-0003-S5Q9,358154243,1,0.4,Ulysses Kao,DRI 1 of SohuSecureBootRecoveryUpdateTestCase,TEST_DEPENDENCY_UNAVAILABLE,"A tool, binary, or data file the test depends on (e.g. the pldm_ua binary) is missing on the test system, so the test could not perform its function. Distinct from TH-CPU-0003, which covers a tool missing on the DUT. Also covers missing VBB flash runfiles / nm toolchain / version_info artifacts for fixture firmware update and chipsim /mnt/weights 9p mount failure for Kayak workloads that never start.",5,ERROR_CONFIG,9,QA_ESCALATE,Fix the station deployment / harness package; do not route the unit to rework,Test package/runfiles deployment gap on the station | Harness release missing a data dependency,Config,5,CATEGORY_CONFIG,L10.HAR.HARNESS,"SohuSecureBootRecoveryUpdateTestCase, SohuWeightLoadTestCase, VbbFirmwareUpdateTestCase",Common,common,,supercomputing-sw,harness 2026.216,ERROR,False,,https://github.com/etched-ai/sw/blob/master/host/system_test/error_codes/doc/SohuSecureBootRecoveryUpdateTestCase.md#TH-HAR-0003
TH-HAR-0004-S4Q9,357105668,1,0.4,Ulysses Kao,DRI 1 of ServerNestedTestCase,NESTED_SUITE_ORCHESTRATION_FAILED,"A nested suite failed to launch or complete orchestration (container image load, API ready/config, abort/shutdown, missing kv_store inputs, or resource wiring). Child test failures carry their own codes; the wrapper never mints this code for an inner suite that ran and failed. Unpopulated chip slots on SltModuleNestedTestCase remain SKIP (not this code).",4,ERROR_TRIAGE,9,QA_ESCALATE,Check suite config/resources; wrapper must propagate the first/most-severe child error code - never mint duplicate codes for child failures (test-system ERROR - excluded from yield),Suite configuration or resource wiring error in the nested wrapper | Child suite could not be launched at all | Container runtime / image load or inner harness API failure,Config,5,CATEGORY_CONFIG,1X.HAR.NESTED_SUITE,"ServerNestedTestCase, SltModuleNestedTestCase",Common,common,,supercomputing-sw,harness 2026.216,ERROR,False,,https://github.com/etched-ai/sw/blob/master/host/system_test/error_codes/doc/ServerNestedTestCase.md#TH-HAR-0004
TH-HAR-0005-S4Q6,390463493,1,0.4,Ulysses Kao,spec author (no DRI listed),TEST_TOOL_EXECUTION_FAILED,A test-owned command or binary failed to execute and did not produce a domain-specific DUT verdict.,4,ERROR_TRIAGE,6,QA_RETRY,"Fix the station, image, or suite configuration; do NOT route the unit to rework.","Test-system, station, or configuration problem covering Harness | Missing, malformed, or unreachable input required by TEST_TOOL_EXECUTION_FAILED | Suite or image provisioning gap rather than a DUT hardware fault",Software,7,CATEGORY_SOFTWARE,L10.HAR.HARNESS,"IoStress, ExecBinaryTestCase, CpldDiagnosticsRemoteTestCase",Common,common,,supercomputing-sw,harness 2026.226,ERROR,True,,https://docs.google.com/document/d/1-_YC_cXvi3FtKd51jIetY9pER8JtCxH5dBE9UvndZWU/edit
TH-HAR-0006-S4Q9,390660102,1,0.4,Ulysses Kao,spec author (no DRI listed),TEST_METRICS_PARSE_FAILED,"A test tool completed without complete, parseable metrics needed to determine the result.",4,ERROR_TRIAGE,9,QA_ESCALATE,"Fix the station, image, or suite configuration; do NOT route the unit to rework.","Test-system, station, or configuration problem covering Harness | Missing, malformed, or unreachable input required by TEST_METRICS_PARSE_FAILED | Suite or image provisioning gap rather than a DUT hardware fault",Software,7,CATEGORY_SOFTWARE,L10.HAR.HARNESS,"IoStress, ExecBinaryTestCase",Common,common,,supercomputing-sw,harness 2026.226,ERROR,False,,https://docs.google.com/document/d/1-_YC_cXvi3FtKd51jIetY9pER8JtCxH5dBE9UvndZWU/edit
TH-HAR-0007-S4Q9,390660103,1,0.4,Ulysses Kao,spec author (no DRI listed),TEST_OUTPUT_UNAVAILABLE,"Expected test output, state, or result artifacts were not produced.",4,ERROR_TRIAGE,9,QA_ESCALATE,"Fix the station, image, or suite configuration; do NOT route the unit to rework.","Test-system, station, or configuration problem covering Harness | Missing, malformed, or unreachable input required by TEST_OUTPUT_UNAVAILABLE | Suite or image provisioning gap rather than a DUT hardware fault",Software,7,CATEGORY_SOFTWARE,L10.HAR.HARNESS,"StoreSystemLogStates, CheckSystemLogStates, ExecBinaryTestCase",Common,common,,supercomputing-sw,harness 2026.226,ERROR,False,,https://docs.google.com/document/d/1-_YC_cXvi3FtKd51jIetY9pER8JtCxH5dBE9UvndZWU/edit
TH-HAR-0008-S5Q9,358154248,1,0.4,Ulysses Kao,spec author (no DRI listed),TEST_PRECONDITION_NOT_MET,"A required test precondition was not satisfied, so the test did not exercise the DUT as intended.",5,ERROR_CONFIG,9,QA_ESCALATE,"Fix the station, image, or suite configuration; do NOT route the unit to rework.","Test-system, station, or configuration problem covering Harness | Missing, malformed, or unreachable input required by TEST_PRECONDITION_NOT_MET | Suite or image provisioning gap rather than a DUT hardware fault",Config,5,CATEGORY_CONFIG,L10.HAR.HARNESS,"RunInStress, IoStress, NetworkBwRdmaTest",Common,common,,supercomputing-sw,harness 2026.226,ERROR,False,,https://docs.google.com/document/d/1-_YC_cXvi3FtKd51jIetY9pER8JtCxH5dBE9UvndZWU/edit
TH-HAR-0009-S4Q9,390660105,1,0.4,Ulysses Kao,spec author (no DRI listed),TEST_CLEANUP_FAILED,"Test cleanup failed and may have left processes, mounts, namespaces, files, or device state behind.",4,ERROR_TRIAGE,9,QA_ESCALATE,"Fix the station, image, or suite configuration; do NOT route the unit to rework.","Test-system, station, or configuration problem covering Harness | Missing, malformed, or unreachable input required by TEST_CLEANUP_FAILED | Suite or image provisioning gap rather than a DUT hardware fault",Software,7,CATEGORY_SOFTWARE,L10.HAR.HARNESS,"LoopbackTopologyTest, NetworkBwRdmaTest, FreeModelRegistryFromShmTestCase, FreeWeightsTestCase",Common,common,,supercomputing-sw,harness 2026.226,ERROR,False,,https://docs.google.com/document/d/1-_YC_cXvi3FtKd51jIetY9pER8JtCxH5dBE9UvndZWU/edit
TH-HAR-9998-S3Q0,271591182,1,0.4,Ulysses Kao,spec author (no DRI listed),TEST_FAILED_UNCLASSIFIED,Catch-all - a test case failed (raised TestFailedError) without carrying a specific TH error code. Frequent sources should be migrated to dedicated codes (spec §9 taxonomy-health metric).,3,ERROR_UNKNOWN,0,QA_NO_ACT,Follow the failing test case's own documentation/SOP. Open a taxonomy-gap ticket to allocate a specific code for this failure mode.,Test case not yet migrated to specific TH error codes,None,0,CATEGORY_NONE,L10.HAR.HARNESS,,Common,common,,supercomputing-sw,harness 2026.216,FAILED,False,,https://github.com/etched-ai/sw/blob/master/host/system_test/error_codes/doc/Harness.md#TH-HAR-9998
TH-HAR-9999-S3Q9,389621519,1,0.4,Ulysses Kao,spec author (no DRI listed),UNHANDLED_EXCEPTION,"Unhandled exception during test execution, wrapped by the harness (spec §11.2.2). The traceback is preserved in the per-test log.",3,ERROR_UNKNOWN,9,QA_ESCALATE,Collect the suite/test logs and artifacts for this failure. Escalate to Etched engineer with the collected logs and traceback; do NOT route the unit to rework or FA.,Bug in the test case or harness code | Unexpected environment state the test does not handle,Software,7,CATEGORY_SOFTWARE,L10.HAR.HARNESS,,Common,common,,supercomputing-sw,harness 2026.216,ERROR,False,,https://github.com/etched-ai/sw/blob/master/host/system_test/error_codes/doc/Harness.md#TH-HAR-9999
TH-PWR-0001-S4Q2,373424129,1,0.4,Mykola Servetnyk,DRI 1 of CheckPsuHealth,STATION_PSU_LOAD_IMBALANCE,Station PSU load imbalance above 5% or PGOOD failure (fixture problem; excluded from module yield).,4,ERROR_TRIAGE,2,QA_WARM_REBOOT,"Known Devkit intermittent issue, retest once.",Dev-kit chassis PSU degradation or imbalance | Station power cabling problem,Hardware,6,CATEGORY_HARDWARE,1X.PWR.STATION_PSU,CheckPsuHealth,Common,common,,supercomputing-sw,harness 2026.216,ERROR,False,,https://github.com/etched-ai/sw/blob/master/host/system_test/error_codes/doc/CheckPsuHealth.md#TH-PWR-0001
