,,,,,,,,
Error Code ID,Message,Quick_Action,Troubleshooting Procedure,Source,Error_Type,Component,Test_Case,Bugs
TH-C2C-0001-S2Q9,"C2C lanes failed to train or link up within the timeout: RX equalization did not converge after its configured attempts, or the link-up test reported one or more datalinks/lanes down.",ESCALATE,Collect the suite/test logs and artifacts for this failure. Escalate to Etched engineer with the collected logs.,1X Module Test,Hardware,C2C,"C2cLinkupTestCase, C2cLinkupMultiChipTestCase, C2cThroughputTestCase, C2cThroughputMultiChipTestCase",ETCH-33573: C2cLinkupTestCase Failure
TH-C2C-0002-S2Q9,Bit-by-bit C2C loopback comparison found a data mismatch on at least one datalink/lane.,ESCALATE,Collect the suite/test logs and artifacts for this failure. Escalate to Etched engineer with the collected logs.,1X Module Test,Data,C2C,"C2cIntegrityTestCase, C2cIntegrityMultiChipTestCase",ETCH-33915: C2cIntegrityTestCase failure
TH-C2C-0003-S2Q9,"The large C2C transfer did not meet its acceptance criteria: measured throughput below the configured percentage of line rate (90% in the 1X suite), or the post-FEC uncorrected error fraction above its limit.",ESCALATE,Collect the suite/test logs and artifacts for this failure. Escalate to Etched engineer with the collected logs.,1X Module Test,Hardware,C2C,"C2cThroughputTestCase, C2cThroughputMultiChipTestCase",ETCH-32191: C2cIntegrityTestCase/C2cThroughputTestCase Failures
TH-C2C-0004-S4Q9,Worst per-lane minimum BER from the eye-diagram sweep exceeded the configured ber_threshold; the SERDES margin spec is not final.,ESCALATE,Collect the suite/test logs and artifacts for this failure. Escalate to Etched engineer with the collected logs.,1X Module Test,Hardware,C2C,C2cLaneMarginTestCase,
TH-DMA-0001-S2Q6,Host-chip DMA data-path test failure,RETRY,"Suspected test issue (single chip test timeout took down the station), retest once.",1X Module Test,Hardware,DMA,SohuDmaTestCase,ETCH-35873: SohuDmaTestCase failure
TH-ENV-0001-S4Q9,"The station host or its BMC did not answer ping or SSH after boot, so no module test could start.",ESCALATE,"Connect a monitor to the Devkit and verify that the system boots successfully, then try ping with host / BMC. Collect the suite/test logs and artifacts for this failure. Escalate to Etched engineer with the collected logs.",1X Module Test,Network,ENV,,
TH-ENV-0002-S4Q9,Station fixture/setup check failed (Chroma telemetry / eval board power / vfio-proxy or PEX version),ESCALATE,Collect the suite/test logs and artifacts for this failure. Escalate to Etched engineer with the collected logs. DO NOT retest.,1X Module Test,Config,ENV,"ChromaTelemetryCheckTestCase, EvalBoardPowerTestCase, VfioProxyVersionTestCase, CheckPexFirmwareVersionTestCase",
TH-ENV-0003-S4Q9,PLX daemon reported no PEX switches,ESCALATE,Collect the suite/test logs and artifacts for this failure. Escalate to Etched engineer with the collected logs. DO NOT retest.,1X Module Test,Config,ENV,CheckPexFirmwareVersionTestCase,ETCH-35552: CheckPexFirmwareVersionTestCase failure
TH-ENV-0004-S4Q9,"A host driver/setup utility step failed: kernel module reload, PCIe teardown or bus rescan, sysfs parameter write, or log-reader activation returned non-zero.",ESCALATE,Collect the suite/test logs and artifacts for this failure. Escalate to Etched engineer with the collected logs. DO NOT retest.,1X Module Test,Config,ENV,"ReloadKernelModuleTestCase, PcieTeardownTestCase, PcieRescanTestCase, SetSkipFlrOnOpenCloseTestCase, SohuLogReaderActivateTestCase, LogReaderCaptureTestCase, PublishBootloaderTypeTestCase",0
TH-FW-0001-S2Q9,Sohu app firmware update failed or ASIC not pingable after update,ESCALATE,Collect the suite/test logs and artifacts for this failure. Escalate to Etched engineer with the collected logs.,1X Module Test,Config,FW,"SohuFirmwareUpdateTestCase, SohuHotReloadFirmwareUpdateTestCase, SohuSecureBootRecoveryUpdateTestCase",ETCH-34843: SohuHotReloadFirmwareUpdateTestCase failure
TH-FW-0002-S4Q9,"The ASIC booted application firmware after the update, but the running image hash does not match the hash in the image package that was just staged.",ESCALATE,Collect the suite/test logs and artifacts for this failure. Escalate to Etched engineer with the collected logs.,1X Module Test,Config,FW,SohuFirmwareUpdateTestCase,
TH-FW-0003-S2Q6,Bootloader programming failed (flash program fail or no ping after program),RETRY,"Verify that the green power indicators on the Sohu module are ON. Verify that both the PCIe cable and power cable are connected correctly and securely. If there is no trouble found, retest once.",1X Module Test,Hardware,FW,"ProgramSecureBootloaderTestCase, BootloaderResultTestCase",ETCH-35585: BootloaderResultTestCase failures
TH-FW-0004-S4Q6,JTAG image load/verify failed (ICCM verify mismatch),RETRY,"Suspected test issue, retest once.",1X Module Test,Hardware,FW,ProgramSecureBootloaderTestCase,ETCH-35586: ProgramSecureBootloaderTestCase failure
TH-FW-0005-S5Q2,"Fixture firmware update failed (golden VBB / retimer): OpenOCD flash, ST-Link adapter, post-flash UART/RPC ready check, or application firmware-hash verification did not succeed.",WARM_REBOOT,"Reboot Devkit, retest once.",1X Module Test,Config,FW,"VbbFirmwareUpdateTestCase, RetimerFirmwareUpdateTestCase",
TH-FW-0006-S5Q9,Board DVFS profile detection or application failed,ESCALATE,Collect the suite/test logs and artifacts for this failure. Escalate to Etched engineer with the collected logs.,1X Module Test,Config,FW,DetectBoardDvfsProfileTestCase,
TH-FW-0007-S2Q6,PLDM update did not complete within timeout — device likely not responding over Sohu UART in recovery mode,RETRY,Verify UART cabling and that recovery straps engage; rerun once; preserve logs and route to FW triage,1X Module Test,Config,FW,SohuSecureBootRecoveryUpdateTestCase,
TH-FW-0008-S2Q6,Secure-boot recovery PLDM update failed (strap sequence or pldm_ua error; update possibly rejected),RETRY,Verify UART cabling/seating and rerun recovery-update subset once; then preserve unit + pldm_ua log and verify package vs release; route to FW triage - do NOT keep retrying as device may be mid-update,1X Module Test,Config,FW,SohuSecureBootRecoveryUpdateTestCase,
TH-FW-0009-S5Q9,"Hot reload could not start, so no firmware was written",ESCALATE,"Escalate to Etched with the eligibility outcome and the running image name; nothing was flashed, so do not route the unit to rework or FA.",1X Module Test,Config,FW,SohuHotReloadFirmwareUpdateTestCase,
TH-HBM-0001-S2Q9,HBM PMBIST failure,ESCALATE,Collect the suite/test logs and artifacts for this failure. Escalate to Etched engineer with the collected logs.,1X Module Test,Memory,HBM,SohuPmbistTestCase,ETCH-33885: Power Virus failures [was SohuPmbistTestCase failures]
TH-HBM-0003-S4Q9,HBM training/eye margin below threshold (tentative),ESCALATE,Collect the suite/test logs and artifacts for this failure. Escalate to Etched engineer with the collected logs.,1X Module Test,Memory,HBM,SohuRdqsSweepTrainingTestCase,
TH-HBM-0004-S2Q6,HBM MTC stress test failure,RETRY,"Suspected test issue, retest once.",1X Module Test,Memory,HBM,SohuMtcStressTestCase,ETCH-35299: SohuMtcStressTestCase failures
TH-HBM-0005-S2Q9,PCIe-to-HBM read or write throughput on the side under test did not reach the configured min_bandwidth_gb_s floor.,ESCALATE,Collect the suite/test logs and artifacts for this failure. Escalate to Etched engineer with the collected logs.,1X Module Test,Memory,HBM,"SohuHbmBandwidthTestCase, SohuDmaTestCase",
TH-HBM-0006-S2Q9,HBM lane repair failed - no passing repair found,ESCALATE,Collect the suite/test logs and artifacts for this failure. Escalate to Etched engineer with the collected logs.,1X Module Test,Memory,HBM,SohuLaneRepairTestCase,ETCH-35587: SohuLaneRepairTestCase failure
TH-HBM-0007-S2Q9,HBM device ID read failure or mismatch,ESCALATE,Collect the suite/test logs and artifacts for this failure. Escalate to Etched engineer with the collected logs.,1X Module Test,Data,HBM,SohuHbmDeviceIdTestCase,
TH-HBM-0008-S4Q9,"HBM lane repair sweep did not complete, so repairability was never established",ESCALATE,"Escalate to Etched with the detection exception and the partial repair map; repairability is unknown rather than failed, so do not route the unit to FA.",1X Module Test,Memory,HBM,SohuLaneRepairTestCase,
TH-MEZZ-0001-S2Q6,Mezz/eval CPLD register access or write failure,RETRY,"Verify that the green power indicators on the Sohu module are ON. Verify that both the PCIe cable and power cable are connected correctly and securely. If there is no trouble found, retest once.",1X Module Test,Hardware,MEZZ,"ProgramSecureBootloaderTestCase, CpldDiagnosticsTestCase",ETCH-35586: ProgramSecureBootloaderTestCase failure
TH-MEZZ-0002-S2Q6,Unexpected mezzanine I2C alert asserted,RETRY,"Suspected test issue, retest once.",1X Module Test,Hardware,MEZZ,MezzanineI2cAlertsTestCase,
TH-PCIE-0001-S2Q6,PCIe link state mismatch (not L0 / Gen5 / x16),RETRY,"Suspect PCIe cable not fully seated into PV1 board, reseat the cable and retest once.",1X Module Test,Hardware,PCIE,"SohuPcieAerCheckTestCase, SohuPcieRateChangeTestCase",
TH-PCIE-0002-S2Q6,PCIe AER errors detected (correctable or uncorrectable),RETRY,"Suspect PCIe cable not fully seated into PV1 board, reseat the cable and retest once.",1X Module Test,Hardware,PCIE,"SohuPcieAerCheckTestCase, SohuPcieRateChangeTestCase",ETCH-34150: Power Virus failures [was SohuPcieAerCheckTestCase failures]
TH-PCIE-0003-S2Q9,PCIe->CSRAM DMA throughput below threshold (50GB/s),ESCALATE,Collect the suite/test logs and artifacts for this failure. Escalate to Etched engineer with the collected logs.,1X Module Test,Hardware,PCIE,"SohuPcieCsramThroughputTestCase, SohuDmaTestCase",
TH-PCIE-0004-S2Q9,PCIe->HBM DMA data integrity mismatch,ESCALATE,Collect the suite/test logs and artifacts for this failure. Escalate to Etched engineer with the collected logs.,1X Module Test,Data,PCIE,SohuDmaTestCase,
TH-PCIE-0005-S2Q9,PCIe->HBM DMA throughput below threshold (16GB/s),ESCALATE,Collect the suite/test logs and artifacts for this failure. Escalate to Etched engineer with the collected logs.,1X Module Test,Hardware,PCIE,SohuDmaTestCase,
TH-PCIE-0006-S2Q6,PCIe speed change failed (Gen5<->Gen1 transition),RETRY,"Suspect PCIe cable not fully seated into PV1 board, reseat the cable and retest once.",1X Module Test,Hardware,PCIE,SohuPcieRateChangeTestCase,
TH-PCIE-0007-S4Q6,PCIe lane margin below threshold (EH>25mV EW>0.2UI tentative),RETRY,"Suspect PCIe cable not fully seated into PV1 board, reseat the cable and retest once.",1X Module Test,Hardware,PCIE,SohuPcieLaneMarginTestCase,
TH-PCIE-0008-S2Q6,Sohu endpoint not enumerated (absent from PCIe tree / RPC proxy),RETRY,"Suspect PCIe cable not fully seated into PV1 board, reseat the cable and retest once.",1X Module Test,Hardware,PCIE,"PcieSetupTestCase, SohuVfioPingTestCase, SohuSaScreeningTestCase",ETCH-35872: Chips not enumerated by RPC proxy
TH-PWR-0001-S4Q2,Station PSU load imbalance >5% or PGOOD failure,WARM_REBOOT,"Known Devkit intermittent issue, retest once.",1X Module Test,Hardware,PWR,CheckPsuHealth,
TH-PWR-0002-S4Q9,"Power telemetry unavailable (VBB / VRM / VM sensor RPC / collectors not responding, or expected VM sensors missing from the reading response).",ESCALATE,Collect the suite/test logs and artifacts for this failure. Escalate to Etched engineer with the collected logs.,1X Module Test,Hardware,PWR,"SohuPowerTelemetryTestCase, SohuVrmTestCase, SohuVmTestCase",
TH-PWR-0003-S2Q9,"Power data out of the qualified range, or CPLD reports an active VRM FSM fault on the mezzanine.",ESCALATE,Collect the suite/test logs and artifacts for this failure. Escalate to Etched engineer with the collected logs.,1X Module Test,Hardware,PWR,"SohuPowerTelemetryTestCase, SohuVrmTestCase",
TH-PWR-0004-S2Q9,VM sensor reading outside +/-5% of nominal,ESCALATE,Collect the suite/test logs and artifacts for this failure. Escalate to Etched engineer with the collected logs.,1X Module Test,Hardware,PWR,SohuVmTestCase,ETCH-34151: SohuVmTestCase failure
TH-PWR-0005-S2Q9,Voltage rail adjustment not reflected in VM readback,ESCALATE,Collect the suite/test logs and artifacts for this failure. Escalate to Etched engineer with the collected logs.,1X Module Test,Hardware,PWR,SohuVmTestCase,
TH-PWR-0006-S4Q9,Vmin above rated limit for SA/SAU rail,ESCALATE,Collect the suite/test logs and artifacts for this failure. Escalate to Etched engineer with the collected logs.,1X Module Test,Hardware,PWR,SohuLlamaMttTestCase,ETCH-32910: SohuLlamaMttTestCase Failures
TH-PWR-0007-S2Q9,Unexpected DVFS rampdown event during workload,ESCALATE,Collect the suite/test logs and artifacts for this failure. Escalate to Etched engineer with the collected logs.,1X Module Test,Hardware,PWR,"SohuLlamaMttTestCase, SohuPowerVirusTestCase",ETCH-32910: SohuLlamaMttTestCase Failures
TH-PWR-0008-S2Q6,Module failed to power on (indicators off / rail fault or short),RETRY,"Verify that the green power indicators on the Sohu module are ON. Verify that both the PCIe cable and power cable are connected correctly and securely. If there is no trouble found, retest once.",1X Module Test,Hardware,PWR,BootloaderResultTestCase,ETCH-33918: SohuSecureBootRecoveryUpdateTestCase failure
TH-SN-0001-S2Q9,Chip/module ID read failure or mismatch vs genealogy,ESCALATE,Collect the suite/test logs and artifacts for this failure. Escalate to Etched engineer with the collected logs.,1X Module Test,Data,SN,SohuChipIdTestCase,
TH-SOHU-0001-S2Q9,ASIC reset deassert failed,ESCALATE,Collect the suite/test logs and artifacts for this failure. Escalate to Etched engineer with the collected logs.,1X Module Test,Hardware,SOHU,"ProgramSecureBootloaderTestCase, BootloaderResultTestCase",
TH-SOHU-0002-S2Q9,Sohu not pingable / no response from firmware,ESCALATE,Collect the suite/test logs and artifacts for this failure. Escalate to Etched engineer with the collected logs.,1X Module Test,Hardware,SOHU,"SohuFlrTestCase, SohuVfioPingTestCase, SaSortRampupHbmSingleChipTestCase, SohuWeightLoadTestCase",ETCH-35300: SaSortRampupHbmSingleChipTestCase failures
TH-SOHU-0003-S2Q9,PLDM sensor discoverability or sanity check failed,ESCALATE,Collect the suite/test logs and artifacts for this failure. Escalate to Etched engineer with the collected logs.,1X Module Test,Hardware,SOHU,SohuSecureBootRecoveryUpdateTestCase,
TH-SOHU-0004-S2Q9,"Mezzanine I2C transaction failed (controller bring-up, mux select, board-type read, or device probe)",ESCALATE,Collect the suite/test logs and artifacts for this failure. Escalate to Etched engineer with the collected logs.,1X Module Test,Hardware,SOHU,SohuI2cTestCase,ETCH-35872: Chips not enumerated by RPC proxy
TH-SOHU-0005-S2Q9,MCPU GPIO operation failed or read back the wrong value,ESCALATE,Collect the suite/test logs and artifacts for this failure. Escalate to Etched engineer with the collected logs.,1X Module Test,Hardware,SOHU,SohuGpioTestCase,
TH-SOHU-0006-S2Q9,UART ping log message absent or content mismatch,ESCALATE,Collect the suite/test logs and artifacts for this failure. Escalate to Etched engineer with the collected logs.,1X Module Test,Hardware,SOHU,SohuUartTestCase,
TH-SOHU-0007-S2Q9,"JTAG check failed (debug session could not be established, or a readback did not match)",ESCALATE,Collect the suite/test logs and artifacts for this failure. Escalate to Etched engineer with the collected logs.,1X Module Test,Hardware,SOHU,SohuJtagTestCase,
TH-SOHU-0008-S2Q9,eFuse region read failed,ESCALATE,Collect the suite/test logs and artifacts for this failure. Escalate to Etched engineer with the collected logs.,1X Module Test,Hardware,SOHU,SohuEfuseTestCase,
TH-SOHU-0009-S2Q9,eFuse WS/FT / MBIST repair / SA repair status incomplete,ESCALATE,Collect the suite/test logs and artifacts for this failure. Escalate to Etched engineer with the collected logs.,1X Module Test,Data,SOHU,SohuEfuseTestCase,
TH-SOHU-0010-S2Q9,CSR read-write-verify-restore failed,ESCALATE,Collect the suite/test logs and artifacts for this failure. Escalate to Etched engineer with the collected logs.,1X Module Test,Hardware,SOHU,SohuBusConnectivityTestCase,
TH-SOHU-0011-S2Q9,On-chip SRAM test failure (stuck bits / readback mismatch),ESCALATE,Collect the suite/test logs and artifacts for this failure. Escalate to Etched engineer with the collected logs.,1X Module Test,Memory,SOHU,SohuSramMemoryTestCase,
TH-SOHU-0012-S2Q9,SA matmul numeric mismatch vs reference (ULP!=0),ESCALATE,Collect the suite/test logs and artifacts for this failure. Escalate to Etched engineer with the collected logs.,1X Module Test,Hardware,SOHU,SaSortRampupHbmSingleChipTestCase,ETCH-34131: SohuPowerVirusTestCase failures
TH-SOHU-0014-S2Q9,Attention/SAU numeric mismatch vs funcsim,ESCALATE,Collect the suite/test logs and artifacts for this failure. Escalate to Etched engineer with the collected logs.,1X Module Test,Hardware,SOHU,"RunAllAttnTestsSingleChipTestCase, RunAllAttnHbmBypassTestsSingleChipTestCase, RunKvFlushTestsSingleChipTestCase, KvFlushAndAttentionSingleChipTestCase, KvFlushAndAttentionInterleavedSingleChipTestCase",ETCH-35940: 267693980000009 - Failed RunAllAttnTestsSingleChipTestCase
TH-SOHU-0015-S2Q9,Workload hang / operation timeout,ESCALATE,Collect the suite/test logs and artifacts for this failure. Escalate to Etched engineer with the collected logs.,1X Module Test,Hardware,SOHU,"KayakTestCase, SohuPowerVirusTestCase, SohuLlamaMttTestCase",ETCH-35548: SohuPowerVirusThermalTestCase failures
TH-SOHU-0016-S2Q9,Weight load spot-check mismatch,ESCALATE,Collect the suite/test logs and artifacts for this failure. Escalate to Etched engineer with the collected logs.,1X Module Test,Data,SOHU,SohuWeightLoadTestCase,
TH-SOHU-0017-S2Q9,Sustained inference throughput on the million-token test did not reach 95% of the suite's expected_chip_tokens_per_second.,ESCALATE,Collect the suite/test logs and artifacts for this failure. Escalate to Etched engineer with the collected logs.,1X Module Test,Hardware,SOHU,SohuLlamaMttTestCase,
TH-SOHU-0018-S2Q9,End-to-end inference numeric mismatch vs reference,ESCALATE,Collect the suite/test logs and artifacts for this failure. Escalate to Etched engineer with the collected logs.,1X Module Test,Hardware,SOHU,"SohuLlama8bFp8PrefillTestCase, SohuLlama8bFp8ForwardTestCase, SohuLlamaForwardIteratedTestCase, KayakTestCase",ETCH-34695: SohuLlama8bFp8PrefillTestCase failures
TH-SOHU-0019-S2Q9,FLR failed / flr_timeout_s 5.0s / recovery_timeout_s 10.0s / not pingable between FLRs,ESCALATE,Collect the suite/test logs and artifacts for this failure. Escalate to Etched engineer with the collected logs.,1X Module Test,Hardware,SOHU,SohuFlrTestCase,
TH-SOHU-0020-S2Q9,"SAU/SA PLL configuration failure: firmware did not report a safe phase alignment after FLR, or a requested PLL glitch frequency did not read back within 5% of target before timeout.",ESCALATE,Collect the suite/test logs and artifacts for this failure. Escalate to Etched engineer with the collected logs.,1X Module Test,Hardware,SOHU,"SohuSauPllPhaseAlignmentTestCase, SetPllGlitchFreqTestCase",ETCH-35301: SohuVfioPingTestCase failures
TH-SOHU-0021-S2Q9,Defective SA column count exceeds screening limit,ESCALATE,Collect the suite/test logs and artifacts for this failure. Escalate to Etched engineer with the collected logs.,1X Module Test,Hardware,SOHU,"SohuSaScreeningTestCase, SaSortRampupHbmSingleChipTestCase",ETCH-35581: SohuSaScreeningTestCase failures
TH-SOHU-0022-S2Q9,Process detector (PD) chain read failure,ESCALATE,Collect the suite/test logs and artifacts for this failure. Escalate to Etched engineer with the collected logs.,1X Module Test,Hardware,SOHU,SohuPdTestCase,ETCH-33887: SohuPdTestCase failure
TH-THM-0001-S2Q6,"Thermal diode temperature reading out of the qualified range, reported invalid by the sensor, or an uncalibrated mezzanine diode reading below 0 C.",RETRY,"Inspect the IBC TIM and ensure that the Sohu module is properly seated and secured in the fixture. Also verify that the Sohu module top cold plate is connected to the HRM cooling loop. If there is no trouble found, retest once.",1X Module Test,Hardware,THM,"SohuThermalDiodeTestCase, SohuDtsTestCase",ETCH-35857: MLT DTS faiure Peak-to-peak deviation: 33029224 uC is out of bounds (30000000)
TH-THM-0002-S2Q6,The peak-to-peak spread across usable Sohu DTS readings exceeded the configured deviation limit.,RETRY,"Inspect the IBC TIM and ensure that the Sohu module is properly seated and secured in the fixture. Also verify that the Sohu module top cold plate is connected to the HRM cooling loop. If there is no trouble found, retest once.",1X Module Test,Hardware,THM,SohuDtsTestCase,ETCH-35857: MLT DTS faiure Peak-to-peak deviation: 33029224 uC is out of bounds (30000000)
TH-THM-0003-S2Q9,CTS protection did not shut off chip at minimum threshold,ESCALATE,Collect the suite/test logs and artifacts for this failure. Escalate to Etched engineer with the collected logs.,1X Module Test,Hardware,THM,SohuCtsTestCase,
TH-THM-0004-S2Q6,Catastrophic trip event during stress workload,RETRY,"Inspect the IBC TIM and ensure that the Sohu module is properly seated and secured in the fixture. Also verify that the Sohu module top cold plate is connected to the HRM cooling loop. If there is no trouble found, retest once.",1X Module Test,Hardware,THM,SohuPowerVirusThermalTestCase,ETCH-35548: SohuPowerVirusThermalTestCase failures
TH-THM-0005-S4Q9,DTS peak-to-peak deviation under power virus out of bounds,ESCALATE,If any temperature reading is out of spec verify that the affected unit has completed the required 45-min TIM baking process. Collect the suite/test logs and artifacts for this failure. Escalate to Etched engineer with the collected logs.,1X Module Test,Hardware,THM,"SohuDtsTestCase, SohuPowerVirusTestCase",ETCH-35857: MLT DTS faiure Peak-to-peak deviation: 33029224 uC is out of bounds (30000000)
TH-THM-0006-S2Q9,Peak DTS temperature under power virus exceeds expected maximum,ESCALATE,If any temperature reading is out of spec verify that the affected unit has completed the required 45-min TIM baking process. Collect the suite/test logs and artifacts for this failure. Escalate to Etched engineer with the collected logs.,1X Module Test,Hardware,THM,SohuPowerVirusThermalTestCase,ETCH-34688: SohuPowerVirusThermalTestCase failures
TH-THM-0007-S4Q9,"TMP464 thermal telemetry unreadable or malformed — verdict inconclusive (test-system ERROR, excluded from yield)",ESCALATE,Collect the suite/test logs and artifacts for this failure. Escalate to Etched engineer with the collected logs.,1X Module Test,Software,THM,SohuThermalDiodeTestCase,
TH-HAR-0002-S5Q9,A test case was invoked with invalid or unsupported arguments and rejected the run before touching the DUT.,ESCALATE,Fix the suite YAML for this test; do not route the unit to rework,1X Module Test,Config,Harness,"SohuSecureBootRecoveryUpdateTestCase, ServerNestedTestCase, SohuSnapTestCase, VfioProxyVersionTestCase, SohuWeightLoadTestCase, SltModuleNestedTestCase",
TH-HAR-0003-S5Q9,Tool/binary/data file the test depends on is missing on the test system (test-system ERROR — excluded from module yield),ESCALATE,Fix the station deployment / harness package; do not route the unit to rework,1X Module Test,Config,Harness,"SohuSecureBootRecoveryUpdateTestCase, SohuWeightLoadTestCase, VbbFirmwareUpdateTestCase",
TH-HAR-0004-S4Q9,Nested suite failed to launch or complete orchestration (child test failures carry their own codes),ESCALATE,Check suite config/resources; wrapper must propagate the first/most-severe child error code - never mint duplicate codes for child failures (test-system ERROR - excluded from yield),1X Module Test,Config,HAR,"ServerNestedTestCase, SltModuleNestedTestCase",
TH-SOHU-0023-S2Q9,Chip bin below acceptance threshold / failed binning criteria,ESCALATE,Collect the suite/test logs and artifacts for this failure. Escalate to Etched engineer with the collected logs.,1X Module Test,Hardware,SOHU,SohuChipBinTestCase,
TH-SOHU-0024-S5Q9,"Required screening data missing or failed to load (SA mask / bin inputs), including eFuse/Flash init-config read failures and invalid screening bin encodings.",ESCALATE,Collect the suite/test logs and artifacts for this failure. Escalate to Etched engineer with the collected logs.,1X Module Test,Config,SOHU,"SohuChipBinTestCase, SohuSaScreeningTestCase, SaSortRampupHbmSingleChipTestCase",ETCH-34698
TH-SOHU-0025-S4Q9,Chip state snapshot capture failed,ESCALATE,Collect the suite/test logs and artifacts for this failure. Escalate to Etched engineer with the collected logs.,1X Module Test,Hardware,SOHU,SohuSnapTestCase,
TH-SOHU-0026-S2Q9,PLL glitch frequency did not read back within 5% of target before timeout,ESCALATE,Collect the suite/test logs and artifacts for this failure. Escalate to Etched engineer with the collected logs.,1X Module Test,Hardware,SOHU,SetPllGlitchFreqTestCase,
TH-SOHU-0027-S2Q9,"VFIO ping responses received but none within the allowed latency (device pingable, latency out of spec)",ESCALATE,Collect the suite/test logs and artifacts for this failure. Escalate to Etched engineer with the collected logs.,1X Module Test,Hardware,SOHU,SohuVfioPingTestCase,
TH-SOHU-0024-S5Q9,Required screening data missing or failed to load (SA mask / bin inputs),HALT_ESCALATE,Escalate to Etched,1X Module Test,Config,SOHU,"SohuChipBinTestCase, SohuSaScreeningTestCase, SaSortRampupHbmSingleChipTestCase",ETCH-34698
TH-SOHU-0025-S4Q6,Chip state snapshot capture failed,HALT_ESCALATE,Escalate to Etched,1X Module Test,Hardware,SOHU,SohuSnapTestCase,
TH-SOHU-0026-S2Q9,PLL glitch frequency did not read back within 5% of target before timeout,HALT_ESCALATE,Escalate to Etched,1X Module Test,Hardware,SOHU,SetPllGlitchFreqTestCase,
TH-SOHU-0027-S2Q9,"VFIO ping responses received but none within the allowed latency (device pingable, latency out of spec)",HALT_ESCALATE,Escalate to Etched,1X Module Test,Hardware,SOHU,SohuVfioPingTestCase,
TH-SOHU-0028-S4Q9,MTT binary exited non-zero for a reason the harness cannot determine,HALT_ESCALATE,Escalate to Etched,1X Module Test,Software,SOHU,SohuLlamaMttTestCase,
