,,,,,
http://pega3:3000/suite_run/mlt_2026.209.0-git3fe4de25_run_764cdc97?slot_number=1,,,,,
,,,,,
Test ID,Test Name,Status,Duration,Completed,Actions
mlt_2026.209.0-git3fe4de25_run_764cdc97_server_setup,ServerNestedTestCase,Passed,431s,"Aug 1, 2026, 10:53:31 PM UTC",
mlt_2026.209.0-git3fe4de25_run_764cdc97_vbb_dependent_tests,ServerNestedTestCase,Failed,170s,"Aug 1, 2026, 10:56:31 PM UTC",
mlt_2026.209.0-git3fe4de25_run_764cdc97_chip1,SltModuleNestedTestCase,Passed,674s,"Aug 1, 2026, 11:07:49 PM UTC",
mlt_2026.209.0-git3fe4de25_run_764cdc97_server_cleanup,ServerNestedTestCase,Passed,57s,"Aug 1, 2026, 11:12:06 PM UTC",
mlt_2026.209.0-git3fe4de25_run_764cdc97_server_setup_vfio_proxy_version,VfioProxyVersionTestCase,Passed,0s,"Aug 1, 2026, 10:47:30 PM UTC",
mlt_2026.209.0-git3fe4de25_run_764cdc97_server_setup_power_on_eval_board,EvalBoardPowerTestCase,Passed,0s,"Aug 1, 2026, 10:47:30 PM UTC",
mlt_2026.209.0-git3fe4de25_run_764cdc97_server_setup_pcie_teardown,PcieTeardownTestCase,Passed,15s,"Aug 1, 2026, 10:47:42 PM UTC",
mlt_2026.209.0-git3fe4de25_run_764cdc97_server_setup_reload_kernel_module,ReloadKernelModuleTestCase,Passed,4s,"Aug 1, 2026, 10:47:48 PM UTC",
mlt_2026.209.0-git3fe4de25_run_764cdc97_server_setup_set_skip_flr_on_open_close,SetSkipFlrOnOpenCloseTestCase,Passed,0s,"Aug 1, 2026, 10:47:48 PM UTC",
mlt_2026.209.0-git3fe4de25_run_764cdc97_server_setup_vbb_firmware_update,VbbFirmwareUpdateTestCase,Passed,11s,"Aug 1, 2026, 10:47:59 PM UTC",
mlt_2026.209.0-git3fe4de25_run_764cdc97_server_setup_retimer_firmware_update,RetimerFirmwareUpdateTestCase,Passed,25s,"Aug 1, 2026, 10:48:25 PM UTC",
mlt_2026.209.0-git3fe4de25_run_764cdc97_server_setup_log_reader_deactivate,SohuLogReaderActivateTestCase,Passed,0s,"Aug 1, 2026, 10:48:27 PM UTC",
mlt_2026.209.0-git3fe4de25_run_764cdc97_server_setup_program_secure_bootloader,ProgramSecureBootloaderTestCase,Passed,121s,"Aug 1, 2026, 10:50:26 PM UTC",
mlt_2026.209.0-git3fe4de25_run_764cdc97_server_setup_bootloader_result_chip1,BootloaderResultTestCase,Passed,0s,"Aug 1, 2026, 10:50:26 PM UTC",
mlt_2026.209.0-git3fe4de25_run_764cdc97_server_setup_secure_boot_recovery_chip1,SohuSecureBootRecoveryUpdateTestCase,Passed,25s,"Aug 1, 2026, 10:50:53 PM UTC",
mlt_2026.209.0-git3fe4de25_run_764cdc97_server_setup_log_reader_activate,SohuLogReaderActivateTestCase,Passed,0s,"Aug 1, 2026, 10:51:46 PM UTC",
mlt_2026.209.0-git3fe4de25_run_764cdc97_server_setup_thermal_diode_chip1,SohuThermalDiodeTestCase,Passed,0s,"Aug 1, 2026, 10:51:46 PM UTC",
mlt_2026.209.0-git3fe4de25_run_764cdc97_server_setup_vrm_chip1,SohuVrmTestCase,Passed,0s,"Aug 1, 2026, 10:51:46 PM UTC",
mlt_2026.209.0-git3fe4de25_run_764cdc97_server_setup_mezzanine_i2c_alerts_chip1,MezzanineI2cAlertsTestCase,Passed,1s,"Aug 1, 2026, 10:51:46 PM UTC",
mlt_2026.209.0-git3fe4de25_run_764cdc97_server_setup_pcie_setup,PcieSetupTestCase,Passed,76s,"Aug 1, 2026, 10:53:06 PM UTC",
mlt_2026.209.0-git3fe4de25_run_764cdc97_server_setup_check_pex_firmware_version,CheckPexFirmwareVersionTestCase,Passed,24s,"Aug 1, 2026, 10:53:29 PM UTC",
mlt_2026.209.0-git3fe4de25_run_764cdc97_vbb_dependent_tests_i2c_chip1,SohuI2cTestCase,Passed,7s,"Aug 1, 2026, 10:54:35 PM UTC",
mlt_2026.209.0-git3fe4de25_run_764cdc97_vbb_dependent_tests_vm_chip1,SohuVmTestCase,Passed,9s,"Aug 1, 2026, 10:54:52 PM UTC",
mlt_2026.209.0-git3fe4de25_run_764cdc97_chip1_hot_reload_firmware_update,SohuHotReloadFirmwareUpdateTestCase,Passed,13s,"Aug 1, 2026, 10:57:42 PM UTC",
mlt_2026.209.0-git3fe4de25_run_764cdc97_chip1_vfio_ping_boot,SohuVfioPingTestCase,Passed,0s,"Aug 1, 2026, 10:57:42 PM UTC",
mlt_2026.209.0-git3fe4de25_run_764cdc97_chip1_chip_id,SohuChipIdTestCase,Passed,0s,"Aug 1, 2026, 10:57:42 PM UTC",
mlt_2026.209.0-git3fe4de25_run_764cdc97_chip1_flr,SohuFlrTestCase,Passed,1s,"Aug 1, 2026, 10:57:46 PM UTC",
mlt_2026.209.0-git3fe4de25_run_764cdc97_chip1_check_for_application_firmware_after_flr,CheckFirmwareVersionTestCase,Passed,1s,"Aug 1, 2026, 10:57:48 PM UTC",
mlt_2026.209.0-git3fe4de25_run_764cdc97_chip1_vfio_ping_application,SohuVfioPingTestCase,Passed,1s,"Aug 1, 2026, 10:57:48 PM UTC",
mlt_2026.209.0-git3fe4de25_run_764cdc97_chip1_detect_board_dvfs_profile,DetectBoardDvfsProfileTestCase,Passed,0s,"Aug 1, 2026, 10:57:51 PM UTC",
mlt_2026.209.0-git3fe4de25_run_764cdc97_chip1_efuse_test,SohuEfuseTestCase,Passed,0s,"Aug 1, 2026, 10:57:53 PM UTC",
mlt_2026.209.0-git3fe4de25_run_764cdc97_chip1_pd,SohuPdTestCase,Passed,1s,"Aug 1, 2026, 10:57:55 PM UTC",
mlt_2026.209.0-git3fe4de25_run_764cdc97_chip1_dts,SohuDtsTestCase,Passed,0s,"Aug 1, 2026, 10:57:57 PM UTC",
mlt_2026.209.0-git3fe4de25_run_764cdc97_chip1_sram_memory,SohuSramMemoryTestCase,Passed,2s,"Aug 1, 2026, 10:57:59 PM UTC",
mlt_2026.209.0-git3fe4de25_run_764cdc97_chip1_gpio_test,SohuGpioTestCase,Passed,0s,"Aug 1, 2026, 10:58:02 PM UTC",
mlt_2026.209.0-git3fe4de25_run_764cdc97_chip1_pcie_lane_margin,SohuPcieLaneMarginTestCase,Passed,69s,"Aug 1, 2026, 10:59:10 PM UTC",
mlt_2026.209.0-git3fe4de25_run_764cdc97_chip1_c2c_mac_loopback_linkup,C2cLinkupTestCase,Passed,3s,"Aug 1, 2026, 10:59:15 PM UTC",
mlt_2026.209.0-git3fe4de25_run_764cdc97_chip1_c2c_integrity_mac_loopback,C2cIntegrityTestCase,Passed,8s,"Aug 1, 2026, 10:59:25 PM UTC",
mlt_2026.209.0-git3fe4de25_run_764cdc97_chip1_c2c_linkup,C2cLinkupTestCase,Passed,5s,"Aug 1, 2026, 10:59:30 PM UTC",
mlt_2026.209.0-git3fe4de25_run_764cdc97_chip1_c2c_prbs,C2cPrbsLoopbackTestCase,Passed,2s,"Aug 1, 2026, 10:59:34 PM UTC",
mlt_2026.209.0-git3fe4de25_run_764cdc97_chip1_c2c_linkup_2,C2cLinkupTestCase,Passed,5s,"Aug 1, 2026, 10:59:40 PM UTC",
mlt_2026.209.0-git3fe4de25_run_764cdc97_chip1_c2c_integrity,C2cIntegrityTestCase,Passed,8s,"Aug 1, 2026, 10:59:51 PM UTC",
mlt_2026.209.0-git3fe4de25_run_764cdc97_chip1_c2c_socket_dl_loopback_linkup,C2cLinkupTestCase,Skipped,0s,—,
mlt_2026.209.0-git3fe4de25_run_764cdc97_chip1_c2c_integrity_datalink_loopback,C2cIntegrityTestCase,Skipped,0s,—,
mlt_2026.209.0-git3fe4de25_run_764cdc97_chip1_c2c_linkup_before_throughput,C2cLinkupTestCase,Passed,5s,"Aug 1, 2026, 10:59:55 PM UTC",
mlt_2026.209.0-git3fe4de25_run_764cdc97_chip1_c2c_throughput,C2cThroughputTestCase,Passed,20s,"Aug 1, 2026, 11:00:18 PM UTC",
mlt_2026.209.0-git3fe4de25_run_764cdc97_chip1_hbm_device_id,SohuHbmDeviceIdTestCase,Passed,0s,"Aug 1, 2026, 11:00:20 PM UTC",
mlt_2026.209.0-git3fe4de25_run_764cdc97_chip1_lane_repair,SohuLaneRepairTestCase,Passed,9s,"Aug 1, 2026, 11:00:28 PM UTC",
mlt_2026.209.0-git3fe4de25_run_764cdc97_chip1_pmbist_xmc_4bk,SohuPmbistTestCase,Passed,5s,"Aug 1, 2026, 11:00:34 PM UTC",
mlt_2026.209.0-git3fe4de25_run_764cdc97_chip1_pmbist_ymc_32_2bk,SohuPmbistTestCase,Passed,9s,"Aug 1, 2026, 11:00:45 PM UTC",
mlt_2026.209.0-git3fe4de25_run_764cdc97_chip1_pmbist_ymc_44_2bk,SohuPmbistTestCase,Passed,8s,"Aug 1, 2026, 11:00:55 PM UTC",
mlt_2026.209.0-git3fe4de25_run_764cdc97_chip1_pmbist_interleave_16bk,SohuPmbistTestCase,Passed,3s,"Aug 1, 2026, 11:01:00 PM UTC",
mlt_2026.209.0-git3fe4de25_run_764cdc97_chip1_mtc_stress,SohuMtcStressTestCase,Passed,60s,"Aug 1, 2026, 11:02:01 PM UTC",
mlt_2026.209.0-git3fe4de25_run_764cdc97_chip1_dma,SohuDmaTestCase,Passed,23s,"Aug 1, 2026, 11:02:25 PM UTC",
mlt_2026.209.0-git3fe4de25_run_764cdc97_chip1_sau_pll_phase_alignment,SohuSauPllPhaseAlignmentTestCase,Passed,1s,"Aug 1, 2026, 11:02:27 PM UTC",
mlt_2026.209.0-git3fe4de25_run_764cdc97_chip1_run_all_attn_hbm_bypass_tests,RunAllAttnHbmBypassTestsSingleChipTestCase,Passed,21s,"Aug 1, 2026, 11:02:48 PM UTC",
mlt_2026.209.0-git3fe4de25_run_764cdc97_chip1_run_kv_flush_tests,RunKvFlushTestsSingleChipTestCase,Passed,13s,"Aug 1, 2026, 11:03:02 PM UTC",
mlt_2026.209.0-git3fe4de25_run_764cdc97_chip1_run_all_attn_tests,RunAllAttnTestsSingleChipTestCase,Passed,29s,"Aug 1, 2026, 11:03:31 PM UTC",
mlt_2026.209.0-git3fe4de25_run_764cdc97_chip1_kv_flush_and_attention,KvFlushAndAttentionSingleChipTestCase,Passed,6s,"Aug 1, 2026, 11:03:37 PM UTC",
mlt_2026.209.0-git3fe4de25_run_764cdc97_chip1_kv_flush_and_attention_interleaved,KvFlushAndAttentionInterleavedSingleChipTestCase,Passed,6s,"Aug 1, 2026, 11:03:44 PM UTC",
mlt_2026.209.0-git3fe4de25_run_764cdc97_chip1_sa_sort_rampup_hbm,SaSortRampupHbmSingleChipTestCase,Passed,15s,"Aug 1, 2026, 11:03:58 PM UTC",
mlt_2026.209.0-git3fe4de25_run_764cdc97_chip1_sa_column_screen,SohuSaScreeningTestCase,Passed,3s,"Aug 1, 2026, 11:04:05 PM UTC",
mlt_2026.209.0-git3fe4de25_run_764cdc97_chip1_weight_load,SohuWeightLoadTestCase,Passed,8s,"Aug 1, 2026, 11:04:13 PM UTC",
mlt_2026.209.0-git3fe4de25_run_764cdc97_chip1_llama8b_fp8_prefill,SohuLlama8bFp8PrefillTestCase,Passed,3s,"Aug 1, 2026, 11:04:17 PM UTC",
mlt_2026.209.0-git3fe4de25_run_764cdc97_chip1_llama8b_fp8_forward,SohuLlama8bFp8ForwardTestCase,Passed,3s,"Aug 1, 2026, 11:04:23 PM UTC",
mlt_2026.209.0-git3fe4de25_run_764cdc97_chip1_llama_mtt_soldered,SohuLlamaMttTestCase,Passed,5s,"Aug 1, 2026, 11:04:30 PM UTC",
mlt_2026.209.0-git3fe4de25_run_764cdc97_chip1_llama_mtt_socket,SohuLlamaMttTestCase,Skipped,0s,—,
mlt_2026.209.0-git3fe4de25_run_764cdc97_chip1_power_virus_numeric_sau,SohuPowerVirusTestCase,Passed,6s,"Aug 1, 2026, 11:04:38 PM UTC",
mlt_2026.209.0-git3fe4de25_run_764cdc97_chip1_power_virus_numeric_sa,SohuPowerVirusTestCase,Passed,7s,"Aug 1, 2026, 11:04:44 PM UTC",
mlt_2026.209.0-git3fe4de25_run_764cdc97_chip1_power_virus_numeric_c2c,SohuPowerVirusTestCase,Passed,9s,"Aug 1, 2026, 11:04:55 PM UTC",
mlt_2026.209.0-git3fe4de25_run_764cdc97_chip1_power_virus_csram_numeric,SohuPowerVirusTestCase,Passed,5s,"Aug 1, 2026, 11:05:02 PM UTC",
mlt_2026.209.0-git3fe4de25_run_764cdc97_chip1_power_virus_thermal,SohuPowerVirusThermalTestCase,Passed,162s,"Aug 1, 2026, 11:07:45 PM UTC",
mlt_2026.209.0-git3fe4de25_run_764cdc97_chip1_chip_bin,SohuChipBinTestCase,Skipped,0s,—,
mlt_2026.209.0-git3fe4de25_run_764cdc97_chip1_snap,SohuSnapTestCase,Passed,0s,"Aug 1, 2026, 11:07:47 PM UTC",
mlt_2026.209.0-git3fe4de25_run_764cdc97_server_cleanup_cpld_diagnostics,CpldDiagnosticsTestCase,Passed,0s,"Aug 1, 2026, 11:12:03 PM UTC",
mlt_2026.209.0-git3fe4de25_run_764cdc97_server_cleanup_power_off_eval_board_test_0,EvalBoardPowerTestCase,Passed,0s,"Aug 1, 2026, 11:12:03 PM UTC",
mlt_2026.209.0-git3fe4de25_run_764cdc97_server_cleanup_log_reader_capture,LogReaderCaptureTestCase,Passed,0s,"Aug 1, 2026, 11:12:06 PM UTC",
mlt_2026.209.0-git3fe4de25_run_764cdc97_server_cleanup_pcie_rescan_server_cleanup,PcieRescanTestCase,Passed,0s,"Aug 1, 2026, 11:12:06 PM UTC",
