Field,Value,Name
category,0,CATEGORY_NONE
category,1,CATEGORY_NETWORK
category,2,CATEGORY_STORAGE
category,3,CATEGORY_MEMORY
category,4,CATEGORY_AUTH
category,5,CATEGORY_CONFIG
category,6,CATEGORY_HARDWARE
category,7,CATEGORY_SOFTWARE
category,8,CATEGORY_API
category,9,CATEGORY_RESOURCE
category,10,CATEGORY_SECURITY
category,11,CATEGORY_DATA
category,12,CATEGORY_INTERNAL
severity,0,ERROR_NONE
severity,1,ERROR_MONITOR
severity,2,ERROR_ISOLATE
severity,3,ERROR_UNKNOWN
severity,4,ERROR_TRIAGE
severity,5,ERROR_CONFIG
severity,6,ERROR_RESET
quick_action,0,QA_NO_ACT
quick_action,1,QA_COLD_REBOOT
quick_action,2,QA_WARM_REBOOT
quick_action,3,QA_SOFT_POWER_OFF
quick_action,4,QA_HARD_SHUTDOWN
quick_action,5,QA_DISABLE_COMPONENT
quick_action,6,QA_RETRY
quick_action,7,QA_HOT_REMOVE
quick_action,8,QA_HOT_SWITCH
quick_action,9,QA_ESCALATE
