Error Code ID,Version,Doc Rev,Original Author,Author Basis,DRI 2,Name,Message,Severity,Severity Name,Quick Action,Quick Action Name,Quick Action (sheet),Recover / Troubleshooting Procedure,Error Type,Category,Category Name,Component,Test Case,Source,Bugs,Owner,Since,Disposition,Retryable,In th_registry.yaml,Merged Duplicate,Doc URL
TH-C2C-0001-S2Q9,1,0.2,Mykola Servetnyk,DRI 1 of C2cLinkupTestCase,Ulysses Kao,C2C_LINKUP_FAILED,"C2C lanes failed to train or link up within the timeout: RX equalization did not converge after its configured attempts, or the link-up test reported one or more datalinks/lanes down.",2,ERROR_ISOLATE,9,QA_ESCALATE,ESCALATE,Collect the suite/test logs and artifacts for this failure. Escalate to Etched engineer with the collected logs.,Hardware,6,CATEGORY_HARDWARE,C2C,"C2cLinkupTestCase, C2cLinkupMultiChipTestCase, C2cThroughputTestCase, C2cThroughputMultiChipTestCase",1X Module Test,ETCH-33573: C2cLinkupTestCase Failure,supercomputing-sw,harness 2026.216,FAILED,False,yes,,https://github.com/etched-ai/sw/blob/master/host/system_test/error_codes/doc/C2cLinkupTestCase.md#TH-C2C-0001
TH-C2C-0002-S2Q9,1,0.2,Mykola Servetnyk,DRI 1 of C2cIntegrityTestCase,Ulysses Kao,C2C_LOOPBACK_DATA_INTEGRITY_MISMATCH,Bit-by-bit C2C loopback comparison found a data mismatch on at least one datalink/lane.,2,ERROR_ISOLATE,9,QA_ESCALATE,ESCALATE,Collect the suite/test logs and artifacts for this failure. Escalate to Etched engineer with the collected logs.,Data,11,CATEGORY_DATA,C2C,"C2cIntegrityTestCase, C2cIntegrityMultiChipTestCase",1X Module Test,ETCH-33915: C2cIntegrityTestCase failure,supercomputing-sw,harness 2026.216,FAILED,False,yes,,https://github.com/etched-ai/sw/blob/master/host/system_test/error_codes/doc/C2cIntegrityTestCase.md#TH-C2C-0002
TH-C2C-0003-S2Q9,1,0.2,Mykola Servetnyk,DRI 1 of C2cThroughputTestCase,Ulysses Kao,C2C_LOOPBACK_THROUGHPUT_BELOW_THRESHOLD,"The large C2C transfer did not meet its acceptance criteria: measured throughput below the configured percentage of line rate (90% in the 1X suite), or the post-FEC uncorrected error fraction above its limit.",2,ERROR_ISOLATE,9,QA_ESCALATE,ESCALATE,Collect the suite/test logs and artifacts for this failure. Escalate to Etched engineer with the collected logs.,Hardware,6,CATEGORY_HARDWARE,C2C,"C2cThroughputTestCase, C2cThroughputMultiChipTestCase",1X Module Test,ETCH-32191: C2cIntegrityTestCase/C2cThroughputTestCase Failures,supercomputing-sw,harness 2026.216,FAILED,False,yes,,https://github.com/etched-ai/sw/blob/master/host/system_test/error_codes/doc/C2cThroughputTestCase.md#TH-C2C-0003
TH-C2C-0004-S4Q9,1,0.2,Mykola Servetnyk,DRI 1 of C2cLaneMarginTestCase,Ulysses Kao,C2C_LANE_MARGIN_BELOW_THRESHOLD,Worst per-lane minimum BER from the eye-diagram sweep exceeded the configured ber_threshold; the SERDES margin spec is not final.,4,ERROR_TRIAGE,9,QA_ESCALATE,ESCALATE,Collect the suite/test logs and artifacts for this failure. Escalate to Etched engineer with the collected logs.,Hardware,6,CATEGORY_HARDWARE,C2C,C2cLaneMarginTestCase,1X Module Test,,supercomputing-sw,harness 2026.216,FAILED,False,yes,,https://github.com/etched-ai/sw/blob/master/host/system_test/error_codes/doc/C2cLaneMarginTestCase.md#TH-C2C-0004
TH-DMA-0001-S2Q6,1,0.2,Sam Jiang,DRI 1 of SohuDmaTestCase,James Chou,DMA_DATA_PATH_FAIL,Host-chip DMA data-path test failure,2,ERROR_ISOLATE,6,QA_RETRY,RETRY,"Suspected test issue (single chip test timeout took down the station), retest once.",Hardware,6,CATEGORY_HARDWARE,DMA,SohuDmaTestCase,1X Module Test,ETCH-35873: SohuDmaTestCase failure,supercomputing-sw,harness 2026.216,FAILED,True,yes,,https://github.com/etched-ai/sw/blob/master/host/system_test/error_codes/doc/SohuDmaTestCase.md#TH-DMA-0001
TH-ENV-0001-S4Q9,1,0.2,Ulysses Kao,spec author (no DRI listed),,HOST_NOT_REACHABLE_AFTER_BOOT,"The station host or its BMC did not answer ping or SSH after boot, so no module test could start.",4,ERROR_TRIAGE,9,QA_ESCALATE,ESCALATE,"Connect a monitor to the Devkit and verify that the system boots successfully, then try ping with host / BMC. Collect the suite/test logs and artifacts for this failure. Escalate to Etched engineer with the collected logs.",Network,1,CATEGORY_NETWORK,ENV,,1X Module Test,,supercomputing-sw,harness 2026.216,ERROR,False,yes,,https://github.com/etched-ai/sw/blob/master/host/system_test/error_codes/doc/Harness.md#TH-ENV-0001
TH-ENV-0002-S4Q9,1,0.2,Aidan Holm,DRI 1 of ChromaTelemetryCheckTestCase,Ulysses Kao,STATION_FIXTURE_SETUP_CHECK_FAILED,Station fixture/setup check failed (Chroma telemetry / eval board power / vfio-proxy or PEX version),4,ERROR_TRIAGE,9,QA_ESCALATE,ESCALATE,Collect the suite/test logs and artifacts for this failure. Escalate to Etched engineer with the collected logs. DO NOT retest.,Config,5,CATEGORY_CONFIG,ENV,"ChromaTelemetryCheckTestCase, EvalBoardPowerTestCase, VfioProxyVersionTestCase, CheckPexFirmwareVersionTestCase",1X Module Test,,supercomputing-sw,harness 2026.216,ERROR,False,yes,,https://github.com/etched-ai/sw/blob/master/host/system_test/error_codes/doc/ChromaTelemetryCheckTestCase.md#TH-ENV-0002
TH-ENV-0003-S4Q9,1,0.2,Mykola Servetnyk,DRI 1 of CheckPexFirmwareVersionTestCase,Ulysses Kao,PLX_DAEMON_NO_PEX_SWITCHES,PLX daemon reported no PEX switches,4,ERROR_TRIAGE,9,QA_ESCALATE,ESCALATE,Collect the suite/test logs and artifacts for this failure. Escalate to Etched engineer with the collected logs. DO NOT retest.,Config,5,CATEGORY_CONFIG,ENV,CheckPexFirmwareVersionTestCase,1X Module Test,ETCH-35552: CheckPexFirmwareVersionTestCase failure,supercomputing-sw,harness 2026.216,ERROR,False,yes,,https://github.com/etched-ai/sw/blob/master/host/system_test/error_codes/doc/CheckPexFirmwareVersionTestCase.md#TH-ENV-0003
TH-ENV-0004-S4Q9,1,0.2,Aidan Holm,DRI 1 of ReloadKernelModuleTestCase,Jack Chou,HOST_SETUP_STEP_FAILED,"A host driver/setup utility step failed: kernel module reload, PCIe teardown or bus rescan, sysfs parameter write, or log-reader activation returned non-zero.",4,ERROR_TRIAGE,9,QA_ESCALATE,ESCALATE,Collect the suite/test logs and artifacts for this failure. Escalate to Etched engineer with the collected logs. DO NOT retest.,Config,5,CATEGORY_CONFIG,ENV,"ReloadKernelModuleTestCase, PcieTeardownTestCase, PcieRescanTestCase, SetSkipFlrOnOpenCloseTestCase, SohuLogReaderActivateTestCase, LogReaderCaptureTestCase, PublishBootloaderTypeTestCase",1X Module Test,0,supercomputing-sw,harness 2026.216,ERROR,False,yes,,https://github.com/etched-ai/sw/blob/master/host/system_test/error_codes/doc/ReloadKernelModuleTestCase.md#TH-ENV-0004
TH-FW-0001-S2Q9,1,0.2,Mykola Servetnyk,DRI 1 of SohuFirmwareUpdateTestCase,James Chou,SOHU_FIRMWARE_UPDATE_FAILED,Sohu app firmware update failed or ASIC not pingable after update,2,ERROR_ISOLATE,9,QA_ESCALATE,ESCALATE,Collect the suite/test logs and artifacts for this failure. Escalate to Etched engineer with the collected logs.,Config,5,CATEGORY_CONFIG,FW,"SohuFirmwareUpdateTestCase, SohuHotReloadFirmwareUpdateTestCase, SohuSecureBootRecoveryUpdateTestCase",1X Module Test,ETCH-34843: SohuHotReloadFirmwareUpdateTestCase failure,supercomputing-sw,harness 2026.216,FAILED,False,yes,,https://github.com/etched-ai/sw/blob/master/host/system_test/error_codes/doc/SohuFirmwareUpdateTestCase.md#TH-FW-0001
TH-FW-0002-S4Q9,1,0.2,Mykola Servetnyk,DRI 1 of SohuFirmwareUpdateTestCase,James Chou,SOHU_FIRMWARE_IMAGE_HASH_MISMATCH,"The ASIC booted application firmware after the update, but the running image hash does not match the hash in the image package that was just staged.",4,ERROR_TRIAGE,9,QA_ESCALATE,ESCALATE,Collect the suite/test logs and artifacts for this failure. Escalate to Etched engineer with the collected logs.,Config,5,CATEGORY_CONFIG,FW,SohuFirmwareUpdateTestCase,1X Module Test,,supercomputing-sw,harness 2026.216,ERROR,False,yes,,https://github.com/etched-ai/sw/blob/master/host/system_test/error_codes/doc/SohuFirmwareUpdateTestCase.md#TH-FW-0002
TH-FW-0003-S2Q6,1,0.2,Aidan Holm,DRI 1 of ProgramSecureBootloaderTestCase,Jack Chou,BOOTLOADER_PROGRAMMING_FAILED,Bootloader programming failed (flash program fail or no ping after program),2,ERROR_ISOLATE,6,QA_RETRY,RETRY,"Verify that the green power indicators on the Sohu module are ON. Verify that both the PCIe cable and power cable are connected correctly and securely. If there is no trouble found, retest once.",Hardware,6,CATEGORY_HARDWARE,FW,"ProgramSecureBootloaderTestCase, BootloaderResultTestCase",1X Module Test,ETCH-35585: BootloaderResultTestCase failures,supercomputing-sw,harness 2026.217,FAILED,True,yes,,https://github.com/etched-ai/sw/blob/master/host/system_test/error_codes/doc/ProgramSecureBootloaderTestCase.md#TH-FW-0003
TH-FW-0004-S4Q6,1,0.2,Aidan Holm,DRI 1 of ProgramSecureBootloaderTestCase,Jack Chou,JTAG_IMAGE_LOAD_VERIFY_FAILED,JTAG image load/verify failed (ICCM verify mismatch),4,ERROR_TRIAGE,6,QA_RETRY,RETRY,"Suspected test issue, retest once.",Hardware,6,CATEGORY_HARDWARE,FW,ProgramSecureBootloaderTestCase,1X Module Test,ETCH-35586: ProgramSecureBootloaderTestCase failure,supercomputing-sw,harness 2026.217,FAILED,True,yes,,https://github.com/etched-ai/sw/blob/master/host/system_test/error_codes/doc/ProgramSecureBootloaderTestCase.md#TH-FW-0004
TH-FW-0005-S5Q2,1,0.2,Ulysses Kao,DRI 1 of VbbFirmwareUpdateTestCase,Mykola Servetnyk,FIXTURE_FIRMWARE_UPDATE_FAILED,"Fixture firmware update failed (golden VBB / retimer): OpenOCD flash, ST-Link adapter, post-flash UART/RPC ready check, or application firmware-hash verification did not succeed.",5,ERROR_CONFIG,2,QA_WARM_REBOOT,WARM_REBOOT,"Reboot Devkit, retest once.",Config,5,CATEGORY_CONFIG,FW,"VbbFirmwareUpdateTestCase, RetimerFirmwareUpdateTestCase",1X Module Test,,supercomputing-sw,harness 2026.217,ERROR,False,yes,,https://github.com/etched-ai/sw/blob/master/host/system_test/error_codes/doc/VbbFirmwareUpdateTestCase.md#TH-FW-0005
TH-FW-0006-S5Q9,1,0.2,Mykola Servetnyk,DRI 1 of DetectBoardDvfsProfileTestCase,Ulysses Kao,BOARD_DVFS_PROFILE_FAILED,Board DVFS profile detection or application failed,5,ERROR_CONFIG,9,QA_ESCALATE,ESCALATE,Collect the suite/test logs and artifacts for this failure. Escalate to Etched engineer with the collected logs.,Config,5,CATEGORY_CONFIG,FW,DetectBoardDvfsProfileTestCase,1X Module Test,,supercomputing-sw,harness 2026.216,FAILED,False,yes,,https://github.com/etched-ai/sw/blob/master/host/system_test/error_codes/doc/DetectBoardDvfsProfileTestCase.md#TH-FW-0006
TH-FW-0007-S2Q6,1,0.2,Ulysses Kao,DRI 1 of SohuSecureBootRecoveryUpdateTestCase,Mykola Servetnyk,SECURE_BOOT_RECOVERY_UPDATE_TIMEOUT,PLDM update did not complete within timeout — device likely not responding over Sohu UART in recovery mode,2,ERROR_ISOLATE,6,QA_RETRY,RETRY,Verify UART cabling and that recovery straps engage; rerun once; preserve logs and route to FW triage,Config,5,CATEGORY_CONFIG,FW,SohuSecureBootRecoveryUpdateTestCase,1X Module Test,,supercomputing-sw,harness 2026.216,FAILED,True,yes,,https://github.com/etched-ai/sw/blob/master/host/system_test/error_codes/doc/SohuSecureBootRecoveryUpdateTestCase.md#TH-FW-0007
TH-FW-0008-S2Q6,1,0.2,Ulysses Kao,DRI 1 of SohuSecureBootRecoveryUpdateTestCase,Mykola Servetnyk,SECURE_BOOT_RECOVERY_UPDATE_FAIL,Secure-boot recovery PLDM update failed (strap sequence or pldm_ua error; update possibly rejected),2,ERROR_ISOLATE,6,QA_RETRY,RETRY,Verify UART cabling/seating and rerun recovery-update subset once; then preserve unit + pldm_ua log and verify package vs release; route to FW triage - do NOT keep retrying as device may be mid-update,Config,5,CATEGORY_CONFIG,FW,SohuSecureBootRecoveryUpdateTestCase,1X Module Test,,supercomputing-sw,harness 2026.216,FAILED,True,yes,,https://github.com/etched-ai/sw/blob/master/host/system_test/error_codes/doc/SohuSecureBootRecoveryUpdateTestCase.md#TH-FW-0008
TH-FW-0009-S5Q9,1,0.2,James Chou,DRI 1 of SohuHotReloadFirmwareUpdateTestCase,Aidan Holm,SOHU_HOT_RELOAD_NOT_ELIGIBLE,"Hot reload could not start, so no firmware was written",5,ERROR_CONFIG,9,QA_ESCALATE,ESCALATE,"Escalate to Etched with the eligibility outcome and the running image name; nothing was flashed, so do not route the unit to rework or FA.",Config,5,CATEGORY_CONFIG,FW,SohuHotReloadFirmwareUpdateTestCase,1X Module Test,,supercomputing-sw,harness 2026.217,ERROR,False,yes,,https://github.com/etched-ai/sw/blob/master/host/system_test/error_codes/doc/SohuHotReloadFirmwareUpdateTestCase.md#TH-FW-0009
TH-HAR-0002-S5Q9,1,0.2,Ulysses Kao,DRI 1 of SohuSecureBootRecoveryUpdateTestCase,Mykola Servetnyk,TEST_ARGS_INVALID,A test case was invoked with invalid or unsupported arguments and rejected the run before touching the DUT.,5,ERROR_CONFIG,9,QA_ESCALATE,ESCALATE,Fix the suite YAML for this test; do not route the unit to rework,Config,5,CATEGORY_CONFIG,Harness,"SohuSecureBootRecoveryUpdateTestCase, ServerNestedTestCase, SohuSnapTestCase, VfioProxyVersionTestCase, SohuWeightLoadTestCase, SltModuleNestedTestCase",1X Module Test,,supercomputing-sw,harness 2026.216,ERROR,False,yes,,https://github.com/etched-ai/sw/blob/master/host/system_test/error_codes/doc/SohuSecureBootRecoveryUpdateTestCase.md#TH-HAR-0002
TH-HAR-0003-S5Q9,1,0.2,Ulysses Kao,DRI 1 of SohuSecureBootRecoveryUpdateTestCase,Mykola Servetnyk,TEST_DEPENDENCY_UNAVAILABLE,Tool/binary/data file the test depends on is missing on the test system (test-system ERROR — excluded from module yield),5,ERROR_CONFIG,9,QA_ESCALATE,ESCALATE,Fix the station deployment / harness package; do not route the unit to rework,Config,5,CATEGORY_CONFIG,Harness,"SohuSecureBootRecoveryUpdateTestCase, SohuWeightLoadTestCase, VbbFirmwareUpdateTestCase",1X Module Test,,supercomputing-sw,harness 2026.216,ERROR,False,yes,,https://github.com/etched-ai/sw/blob/master/host/system_test/error_codes/doc/SohuSecureBootRecoveryUpdateTestCase.md#TH-HAR-0003
TH-HAR-0004-S4Q9,1,0.2,Ulysses Kao,DRI 1 of ServerNestedTestCase,Mykola Servetnyk,NESTED_SUITE_ORCHESTRATION_FAILED,Nested suite failed to launch or complete orchestration (child test failures carry their own codes),4,ERROR_TRIAGE,9,QA_ESCALATE,ESCALATE,Check suite config/resources; wrapper must propagate the first/most-severe child error code - never mint duplicate codes for child failures (test-system ERROR - excluded from yield),Config,5,CATEGORY_CONFIG,HAR,"ServerNestedTestCase, SltModuleNestedTestCase",1X Module Test,,supercomputing-sw,harness 2026.216,ERROR,False,yes,,https://github.com/etched-ai/sw/blob/master/host/system_test/error_codes/doc/ServerNestedTestCase.md#TH-HAR-0004
TH-HBM-0001-S2Q9,1,0.2,Jack Chou,DRI 1 of SohuPmbistTestCase,Sam Jiang,HBM_PMBIST_FAILURE,HBM PMBIST failure,2,ERROR_ISOLATE,9,QA_ESCALATE,ESCALATE,Collect the suite/test logs and artifacts for this failure. Escalate to Etched engineer with the collected logs.,Memory,3,CATEGORY_MEMORY,HBM,SohuPmbistTestCase,1X Module Test,ETCH-33885: Power Virus failures [was SohuPmbistTestCase failures],supercomputing-sw,harness 2026.216,FAILED,False,yes,,https://github.com/etched-ai/sw/blob/master/host/system_test/error_codes/doc/SohuPmbistTestCase.md#TH-HBM-0001
TH-HBM-0003-S4Q9,1,0.2,Jack Chou,DRI 1 of SohuRdqsSweepTrainingTestCase,Sam Jiang,HBM_EYE_MARGIN_BELOW_THRESHOLD,HBM training/eye margin below threshold (tentative),4,ERROR_TRIAGE,9,QA_ESCALATE,ESCALATE,Collect the suite/test logs and artifacts for this failure. Escalate to Etched engineer with the collected logs.,Memory,3,CATEGORY_MEMORY,HBM,SohuRdqsSweepTrainingTestCase,1X Module Test,,supercomputing-sw,harness 2026.216,FAILED,False,yes,,https://github.com/etched-ai/sw/blob/master/host/system_test/error_codes/doc/SohuRdqsSweepTrainingTestCase.md#TH-HBM-0003
TH-HBM-0004-S2Q6,1,0.2,Jack Chou,DRI 1 of SohuMtcStressTestCase,Sam Jiang,HBM_MTC_STRESS_FAILURE,HBM MTC stress test failure,2,ERROR_ISOLATE,6,QA_RETRY,RETRY,"Suspected test issue, retest once.",Memory,3,CATEGORY_MEMORY,HBM,SohuMtcStressTestCase,1X Module Test,ETCH-35299: SohuMtcStressTestCase failures,supercomputing-sw,harness 2026.216,FAILED,True,yes,,https://github.com/etched-ai/sw/blob/master/host/system_test/error_codes/doc/SohuMtcStressTestCase.md#TH-HBM-0004
TH-HBM-0005-S2Q9,1,0.2,James Chou,DRI 1 of SohuHbmBandwidthTestCase,Aidan Holm,HBM_BANDWIDTH_BELOW_THRESHOLD,PCIe-to-HBM read or write throughput on the side under test did not reach the configured min_bandwidth_gb_s floor.,2,ERROR_ISOLATE,9,QA_ESCALATE,ESCALATE,Collect the suite/test logs and artifacts for this failure. Escalate to Etched engineer with the collected logs.,Memory,3,CATEGORY_MEMORY,HBM,"SohuHbmBandwidthTestCase, SohuDmaTestCase",1X Module Test,,supercomputing-sw,harness 2026.216,FAILED,False,yes,,https://github.com/etched-ai/sw/blob/master/host/system_test/error_codes/doc/SohuHbmBandwidthTestCase.md#TH-HBM-0005
TH-HBM-0006-S2Q9,1,0.2,James Chou,DRI 1 of SohuLaneRepairTestCase,Aidan Holm,HBM_LANE_REPAIR_FAILED,HBM lane repair failed - no passing repair found,2,ERROR_ISOLATE,9,QA_ESCALATE,ESCALATE,Collect the suite/test logs and artifacts for this failure. Escalate to Etched engineer with the collected logs.,Memory,3,CATEGORY_MEMORY,HBM,SohuLaneRepairTestCase,1X Module Test,ETCH-35587: SohuLaneRepairTestCase failure,supercomputing-sw,harness 2026.216,FAILED,False,yes,,https://github.com/etched-ai/sw/blob/master/host/system_test/error_codes/doc/SohuLaneRepairTestCase.md#TH-HBM-0006
TH-HBM-0007-S2Q9,1,0.2,James Chou,DRI 1 of SohuHbmDeviceIdTestCase,Aidan Holm,HBM_DEVICE_ID_READ_FAIL,HBM device ID read failure or mismatch,2,ERROR_ISOLATE,9,QA_ESCALATE,ESCALATE,Collect the suite/test logs and artifacts for this failure. Escalate to Etched engineer with the collected logs.,Data,11,CATEGORY_DATA,HBM,SohuHbmDeviceIdTestCase,1X Module Test,,supercomputing-sw,harness 2026.216,FAILED,False,yes,,https://github.com/etched-ai/sw/blob/master/host/system_test/error_codes/doc/SohuHbmDeviceIdTestCase.md#TH-HBM-0007
TH-HBM-0008-S4Q9,1,0.2,James Chou,DRI 1 of SohuLaneRepairTestCase,Aidan Holm,HBM_LANE_REPAIR_INCOMPLETE,"HBM lane repair sweep did not complete, so repairability was never established",4,ERROR_TRIAGE,9,QA_ESCALATE,ESCALATE,"Escalate to Etched with the detection exception and the partial repair map; repairability is unknown rather than failed, so do not route the unit to FA.",Memory,3,CATEGORY_MEMORY,HBM,SohuLaneRepairTestCase,1X Module Test,,supercomputing-sw,harness 2026.217,ERROR,False,yes,,https://github.com/etched-ai/sw/blob/master/host/system_test/error_codes/doc/SohuLaneRepairTestCase.md#TH-HBM-0008
TH-MEZZ-0001-S2Q6,1,0.2,Aidan Holm,DRI 1 of ProgramSecureBootloaderTestCase,Jack Chou,MEZZANINE_CPLD_ACCESS_WRITE_FAILED,Mezz/eval CPLD register access or write failure,2,ERROR_ISOLATE,6,QA_RETRY,RETRY,"Verify that the green power indicators on the Sohu module are ON. Verify that both the PCIe cable and power cable are connected correctly and securely. If there is no trouble found, retest once.",Hardware,6,CATEGORY_HARDWARE,MEZZ,"ProgramSecureBootloaderTestCase, CpldDiagnosticsTestCase",1X Module Test,ETCH-35586: ProgramSecureBootloaderTestCase failure,supercomputing-sw,harness 2026.217,FAILED,True,yes,,https://github.com/etched-ai/sw/blob/master/host/system_test/error_codes/doc/ProgramSecureBootloaderTestCase.md#TH-MEZZ-0001
TH-MEZZ-0002-S2Q6,1,0.2,Aidan Holm,DRI 1 of MezzanineI2cAlertsTestCase,Jack Chou,UNEXPECTED_MEZZANINE_I2C_ALERT,Unexpected mezzanine I2C alert asserted,2,ERROR_ISOLATE,6,QA_RETRY,RETRY,"Suspected test issue, retest once.",Hardware,6,CATEGORY_HARDWARE,MEZZ,MezzanineI2cAlertsTestCase,1X Module Test,,supercomputing-sw,harness 2026.217,FAILED,True,yes,,https://github.com/etched-ai/sw/blob/master/host/system_test/error_codes/doc/MezzanineI2cAlertsTestCase.md#TH-MEZZ-0002
TH-PCIE-0001-S2Q6,1,0.2,Jack Chou,DRI 1 of SohuPcieAerCheckTestCase,Sam Jiang,PCIE_LINK_STATE_MISMATCH,PCIe link state mismatch (not L0 / Gen5 / x16),2,ERROR_ISOLATE,6,QA_RETRY,RETRY,"Suspect PCIe cable not fully seated into PV1 board, reseat the cable and retest once.",Hardware,6,CATEGORY_HARDWARE,PCIE,"SohuPcieAerCheckTestCase, SohuPcieRateChangeTestCase",1X Module Test,,supercomputing-sw,harness 2026.216,FAILED,True,yes,,https://github.com/etched-ai/sw/blob/master/host/system_test/error_codes/doc/SohuPcieAerCheckTestCase.md#TH-PCIE-0001
TH-PCIE-0002-S2Q6,1,0.2,Jack Chou,DRI 1 of SohuPcieAerCheckTestCase,Sam Jiang,PCIE_AER_ERRORS_DETECTED,PCIe AER errors detected (correctable or uncorrectable),2,ERROR_ISOLATE,6,QA_RETRY,RETRY,"Suspect PCIe cable not fully seated into PV1 board, reseat the cable and retest once.",Hardware,6,CATEGORY_HARDWARE,PCIE,"SohuPcieAerCheckTestCase, SohuPcieRateChangeTestCase",1X Module Test,ETCH-34150: Power Virus failures [was SohuPcieAerCheckTestCase failures],supercomputing-sw,harness 2026.216,FAILED,True,yes,,https://github.com/etched-ai/sw/blob/master/host/system_test/error_codes/doc/SohuPcieAerCheckTestCase.md#TH-PCIE-0002
TH-PCIE-0003-S2Q9,1,0.2,Jack Chou,DRI 1 of SohuPcieCsramThroughputTestCase,Sam Jiang,PCIE_CSRAM_DMA_THROUGHPUT_BELOW_THRESHOLD,PCIe->CSRAM DMA throughput below threshold (50GB/s),2,ERROR_ISOLATE,9,QA_ESCALATE,ESCALATE,Collect the suite/test logs and artifacts for this failure. Escalate to Etched engineer with the collected logs.,Hardware,6,CATEGORY_HARDWARE,PCIE,"SohuPcieCsramThroughputTestCase, SohuDmaTestCase",1X Module Test,,supercomputing-sw,harness 2026.216,FAILED,False,yes,,https://github.com/etched-ai/sw/blob/master/host/system_test/error_codes/doc/SohuPcieCsramThroughputTestCase.md#TH-PCIE-0003
TH-PCIE-0004-S2Q9,1,0.2,Sam Jiang,DRI 1 of SohuDmaTestCase,James Chou,PCIE_HBM_DMA_INTEGRITY_MISMATCH,PCIe->HBM DMA data integrity mismatch,2,ERROR_ISOLATE,9,QA_ESCALATE,ESCALATE,Collect the suite/test logs and artifacts for this failure. Escalate to Etched engineer with the collected logs.,Data,11,CATEGORY_DATA,PCIE,SohuDmaTestCase,1X Module Test,,supercomputing-sw,harness 2026.216,FAILED,False,yes,,https://github.com/etched-ai/sw/blob/master/host/system_test/error_codes/doc/SohuDmaTestCase.md#TH-PCIE-0004
TH-PCIE-0005-S2Q9,1,0.2,Sam Jiang,DRI 1 of SohuDmaTestCase,James Chou,PCIE_HBM_DMA_THROUGHPUT_BELOW_THRESHOLD,PCIe->HBM DMA throughput below threshold (16GB/s),2,ERROR_ISOLATE,9,QA_ESCALATE,ESCALATE,Collect the suite/test logs and artifacts for this failure. Escalate to Etched engineer with the collected logs.,Hardware,6,CATEGORY_HARDWARE,PCIE,SohuDmaTestCase,1X Module Test,,supercomputing-sw,harness 2026.216,FAILED,False,yes,,https://github.com/etched-ai/sw/blob/master/host/system_test/error_codes/doc/SohuDmaTestCase.md#TH-PCIE-0005
TH-PCIE-0006-S2Q6,1,0.2,Jack Chou,DRI 1 of SohuPcieRateChangeTestCase,Sam Jiang,PCIE_SPEED_CHANGE_FAILED,PCIe speed change failed (Gen5<->Gen1 transition),2,ERROR_ISOLATE,6,QA_RETRY,RETRY,"Suspect PCIe cable not fully seated into PV1 board, reseat the cable and retest once.",Hardware,6,CATEGORY_HARDWARE,PCIE,SohuPcieRateChangeTestCase,1X Module Test,,supercomputing-sw,harness 2026.216,FAILED,True,yes,,https://github.com/etched-ai/sw/blob/master/host/system_test/error_codes/doc/SohuPcieRateChangeTestCase.md#TH-PCIE-0006
TH-PCIE-0007-S4Q6,1,0.2,Jack Chou,DRI 1 of SohuPcieLaneMarginTestCase,Sam Jiang,PCIE_LANE_MARGIN_BELOW_THRESHOLD,PCIe lane margin below threshold (EH>25mV EW>0.2UI tentative),4,ERROR_TRIAGE,6,QA_RETRY,RETRY,"Suspect PCIe cable not fully seated into PV1 board, reseat the cable and retest once.",Hardware,6,CATEGORY_HARDWARE,PCIE,SohuPcieLaneMarginTestCase,1X Module Test,,supercomputing-sw,harness 2026.216,FAILED,True,yes,,https://github.com/etched-ai/sw/blob/master/host/system_test/error_codes/doc/SohuPcieLaneMarginTestCase.md#TH-PCIE-0007
TH-PCIE-0008-S2Q6,1,0.2,Aidan Holm,DRI 1 of PcieSetupTestCase,Jack Chou,SOHU_ENDPOINT_NOT_ENUMERATED,Sohu endpoint not enumerated (absent from PCIe tree / RPC proxy),2,ERROR_ISOLATE,6,QA_RETRY,RETRY,"Suspect PCIe cable not fully seated into PV1 board, reseat the cable and retest once.",Hardware,6,CATEGORY_HARDWARE,PCIE,"PcieSetupTestCase, SohuVfioPingTestCase, SohuSaScreeningTestCase",1X Module Test,ETCH-35872: Chips not enumerated by RPC proxy,supercomputing-sw,harness 2026.217,FAILED,True,yes,,https://github.com/etched-ai/sw/blob/master/host/system_test/error_codes/doc/PcieSetupTestCase.md#TH-PCIE-0008
TH-PWR-0001-S4Q2,1,0.2,Mykola Servetnyk,DRI 1 of CheckPsuHealth,Ulysses Kao,STATION_PSU_LOAD_IMBALANCE,Station PSU load imbalance >5% or PGOOD failure,4,ERROR_TRIAGE,2,QA_WARM_REBOOT,WARM_REBOOT,"Known Devkit intermittent issue, retest once.",Hardware,6,CATEGORY_HARDWARE,PWR,CheckPsuHealth,1X Module Test,,supercomputing-sw,harness 2026.216,ERROR,False,yes,,https://github.com/etched-ai/sw/blob/master/host/system_test/error_codes/doc/CheckPsuHealth.md#TH-PWR-0001
TH-PWR-0002-S4Q9,1,0.2,Jack Chou,DRI 1 of SohuPowerTelemetryTestCase,Sam Jiang,POWER_TELEMETRY_UNAVAILABLE,"Power telemetry unavailable (VBB / VRM / VM sensor RPC / collectors not responding, or expected VM sensors missing from the reading response).",4,ERROR_TRIAGE,9,QA_ESCALATE,ESCALATE,Collect the suite/test logs and artifacts for this failure. Escalate to Etched engineer with the collected logs.,Hardware,6,CATEGORY_HARDWARE,PWR,"SohuPowerTelemetryTestCase, SohuVrmTestCase, SohuVmTestCase",1X Module Test,,supercomputing-sw,harness 2026.216,ERROR,False,yes,,https://github.com/etched-ai/sw/blob/master/host/system_test/error_codes/doc/SohuPowerTelemetryTestCase.md#TH-PWR-0002
TH-PWR-0003-S2Q9,1,0.2,Jack Chou,DRI 1 of SohuPowerTelemetryTestCase,Sam Jiang,POWER_DATA_OUT_OF_RANGE,"Power data out of the qualified range, or CPLD reports an active VRM FSM fault on the mezzanine.",2,ERROR_ISOLATE,9,QA_ESCALATE,ESCALATE,Collect the suite/test logs and artifacts for this failure. Escalate to Etched engineer with the collected logs.,Hardware,6,CATEGORY_HARDWARE,PWR,"SohuPowerTelemetryTestCase, SohuVrmTestCase",1X Module Test,,supercomputing-sw,harness 2026.216,FAILED,False,yes,,https://github.com/etched-ai/sw/blob/master/host/system_test/error_codes/doc/SohuPowerTelemetryTestCase.md#TH-PWR-0003
TH-PWR-0004-S2Q9,1,0.2,Ulysses Kao,DRI 1 of SohuVmTestCase,Mykola Servetnyk,VM_SENSOR_OUT_OF_TOLERANCE,VM sensor reading outside +/-5% of nominal,2,ERROR_ISOLATE,9,QA_ESCALATE,ESCALATE,Collect the suite/test logs and artifacts for this failure. Escalate to Etched engineer with the collected logs.,Hardware,6,CATEGORY_HARDWARE,PWR,SohuVmTestCase,1X Module Test,ETCH-34151: SohuVmTestCase failure,supercomputing-sw,harness 2026.216,FAILED,False,yes,,https://github.com/etched-ai/sw/blob/master/host/system_test/error_codes/doc/SohuVmTestCase.md#TH-PWR-0004
TH-PWR-0005-S2Q9,1,0.2,Ulysses Kao,DRI 1 of SohuVmTestCase,Mykola Servetnyk,RAIL_ADJUST_READBACK_MISMATCH,Voltage rail adjustment not reflected in VM readback,2,ERROR_ISOLATE,9,QA_ESCALATE,ESCALATE,Collect the suite/test logs and artifacts for this failure. Escalate to Etched engineer with the collected logs.,Hardware,6,CATEGORY_HARDWARE,PWR,SohuVmTestCase,1X Module Test,,supercomputing-sw,harness 2026.216,FAILED,False,yes,,https://github.com/etched-ai/sw/blob/master/host/system_test/error_codes/doc/SohuVmTestCase.md#TH-PWR-0005
TH-PWR-0006-S4Q9,1,0.2,James Chou,DRI 1 of SohuLlamaMttTestCase,Aidan Holm,VMIN_ABOVE_RATED_LIMIT,Vmin above rated limit for SA/SAU rail,4,ERROR_TRIAGE,9,QA_ESCALATE,ESCALATE,Collect the suite/test logs and artifacts for this failure. Escalate to Etched engineer with the collected logs.,Hardware,6,CATEGORY_HARDWARE,PWR,SohuLlamaMttTestCase,1X Module Test,ETCH-32910: SohuLlamaMttTestCase Failures,supercomputing-sw,harness 2026.216,FAILED,False,yes,,https://github.com/etched-ai/sw/blob/master/host/system_test/error_codes/doc/SohuLlamaMttTestCase.md#TH-PWR-0006
TH-PWR-0007-S2Q9,1,0.2,James Chou,DRI 1 of SohuLlamaMttTestCase,Aidan Holm,UNEXPECTED_DVFS_RAMPDOWN,Unexpected DVFS rampdown event during workload,2,ERROR_ISOLATE,9,QA_ESCALATE,ESCALATE,Collect the suite/test logs and artifacts for this failure. Escalate to Etched engineer with the collected logs.,Hardware,6,CATEGORY_HARDWARE,PWR,"SohuLlamaMttTestCase, SohuPowerVirusTestCase",1X Module Test,ETCH-32910: SohuLlamaMttTestCase Failures,supercomputing-sw,harness 2026.216,FAILED,False,yes,,https://github.com/etched-ai/sw/blob/master/host/system_test/error_codes/doc/SohuLlamaMttTestCase.md#TH-PWR-0007
TH-PWR-0008-S2Q6,1,0.2,Mykola Servetnyk,DRI 1 of BootloaderResultTestCase,Ulysses Kao,MODULE_POWER_ON_FAILURE,Module failed to power on (indicators off / rail fault or short),2,ERROR_ISOLATE,6,QA_RETRY,RETRY,"Verify that the green power indicators on the Sohu module are ON. Verify that both the PCIe cable and power cable are connected correctly and securely. If there is no trouble found, retest once.",Hardware,6,CATEGORY_HARDWARE,PWR,BootloaderResultTestCase,1X Module Test,ETCH-33918: SohuSecureBootRecoveryUpdateTestCase failure,supercomputing-sw,harness 2026.216,FAILED,True,yes,,https://github.com/etched-ai/sw/blob/master/host/system_test/error_codes/doc/BootloaderResultTestCase.md#TH-PWR-0008
TH-SN-0001-S2Q9,1,0.2,Sam Jiang,DRI 1 of SohuChipIdTestCase,James Chou,CHIP_ID_READ_OR_MISMATCH,Chip/module ID read failure or mismatch vs genealogy,2,ERROR_ISOLATE,9,QA_ESCALATE,ESCALATE,Collect the suite/test logs and artifacts for this failure. Escalate to Etched engineer with the collected logs.,Data,11,CATEGORY_DATA,SN,SohuChipIdTestCase,1X Module Test,,supercomputing-sw,harness 2026.216,FAILED,False,yes,,https://github.com/etched-ai/sw/blob/master/host/system_test/error_codes/doc/SohuChipIdTestCase.md#TH-SN-0001
TH-SOHU-0001-S2Q9,1,0.2,Aidan Holm,DRI 1 of ProgramSecureBootloaderTestCase,Jack Chou,ASIC_RESET_DEASSERT_FAILED,ASIC reset deassert failed,2,ERROR_ISOLATE,9,QA_ESCALATE,ESCALATE,Collect the suite/test logs and artifacts for this failure. Escalate to Etched engineer with the collected logs.,Hardware,6,CATEGORY_HARDWARE,SOHU,"ProgramSecureBootloaderTestCase, BootloaderResultTestCase",1X Module Test,,supercomputing-sw,harness 2026.217,FAILED,False,yes,,https://github.com/etched-ai/sw/blob/master/host/system_test/error_codes/doc/ProgramSecureBootloaderTestCase.md#TH-SOHU-0001
TH-SOHU-0002-S2Q9,1,0.2,James Chou,DRI 1 of SohuFlrTestCase,Aidan Holm,SOHU_NOT_PINGABLE,Sohu not pingable / no response from firmware,2,ERROR_ISOLATE,9,QA_ESCALATE,ESCALATE,Collect the suite/test logs and artifacts for this failure. Escalate to Etched engineer with the collected logs.,Hardware,6,CATEGORY_HARDWARE,SOHU,"SohuFlrTestCase, SohuVfioPingTestCase, SaSortRampupHbmSingleChipTestCase, SohuWeightLoadTestCase",1X Module Test,ETCH-35300: SaSortRampupHbmSingleChipTestCase failures,supercomputing-sw,harness 2026.216,FAILED,False,yes,,https://github.com/etched-ai/sw/blob/master/host/system_test/error_codes/doc/SohuFlrTestCase.md#TH-SOHU-0002
TH-SOHU-0003-S2Q9,1,0.2,Ulysses Kao,DRI 1 of SohuSecureBootRecoveryUpdateTestCase,Mykola Servetnyk,PLDM_SENSOR_CHECK_FAILED,PLDM sensor discoverability or sanity check failed,2,ERROR_ISOLATE,9,QA_ESCALATE,ESCALATE,Collect the suite/test logs and artifacts for this failure. Escalate to Etched engineer with the collected logs.,Hardware,6,CATEGORY_HARDWARE,SOHU,SohuSecureBootRecoveryUpdateTestCase,1X Module Test,,supercomputing-sw,harness 2026.216,FAILED,False,yes,,https://github.com/etched-ai/sw/blob/master/host/system_test/error_codes/doc/SohuSecureBootRecoveryUpdateTestCase.md#TH-SOHU-0003
TH-SOHU-0004-S2Q9,1,0.2,James Chou,DRI 1 of SohuI2cTestCase,Aidan Holm,I2C_PERIPHERAL_READ_FAIL,"Mezzanine I2C transaction failed (controller bring-up, mux select, board-type read, or device probe)",2,ERROR_ISOLATE,9,QA_ESCALATE,ESCALATE,Collect the suite/test logs and artifacts for this failure. Escalate to Etched engineer with the collected logs.,Hardware,6,CATEGORY_HARDWARE,SOHU,SohuI2cTestCase,1X Module Test,ETCH-35872: Chips not enumerated by RPC proxy,supercomputing-sw,harness 2026.216,FAILED,False,yes,,https://github.com/etched-ai/sw/blob/master/host/system_test/error_codes/doc/SohuI2cTestCase.md#TH-SOHU-0004
TH-SOHU-0005-S2Q9,1,0.2,James Chou,DRI 1 of SohuGpioTestCase,Aidan Holm,GPIO_LOOPBACK_MISMATCH,MCPU GPIO operation failed or read back the wrong value,2,ERROR_ISOLATE,9,QA_ESCALATE,ESCALATE,Collect the suite/test logs and artifacts for this failure. Escalate to Etched engineer with the collected logs.,Hardware,6,CATEGORY_HARDWARE,SOHU,SohuGpioTestCase,1X Module Test,,supercomputing-sw,harness 2026.216,FAILED,False,yes,,https://github.com/etched-ai/sw/blob/master/host/system_test/error_codes/doc/SohuGpioTestCase.md#TH-SOHU-0005
TH-SOHU-0006-S2Q9,1,0.2,Ulysses Kao,DRI 1 of SohuUartTestCase,Mykola Servetnyk,UART_PING_LOG_MISMATCH,UART ping log message absent or content mismatch,2,ERROR_ISOLATE,9,QA_ESCALATE,ESCALATE,Collect the suite/test logs and artifacts for this failure. Escalate to Etched engineer with the collected logs.,Hardware,6,CATEGORY_HARDWARE,SOHU,SohuUartTestCase,1X Module Test,,supercomputing-sw,harness 2026.216,FAILED,False,yes,,https://github.com/etched-ai/sw/blob/master/host/system_test/error_codes/doc/SohuUartTestCase.md#TH-SOHU-0006
TH-SOHU-0007-S2Q9,1,0.2,James Chou,DRI 1 of SohuJtagTestCase,Aidan Holm,JTAG_READBACK_MISMATCH,"JTAG check failed (debug session could not be established, or a readback did not match)",2,ERROR_ISOLATE,9,QA_ESCALATE,ESCALATE,Collect the suite/test logs and artifacts for this failure. Escalate to Etched engineer with the collected logs.,Hardware,6,CATEGORY_HARDWARE,SOHU,SohuJtagTestCase,1X Module Test,,supercomputing-sw,harness 2026.216,FAILED,False,yes,,https://github.com/etched-ai/sw/blob/master/host/system_test/error_codes/doc/SohuJtagTestCase.md#TH-SOHU-0007
TH-SOHU-0008-S2Q9,1,0.2,Sam Jiang,DRI 1 of SohuEfuseTestCase,James Chou,EFUSE_REGION_READ_FAILURE,eFuse region read failed,2,ERROR_ISOLATE,9,QA_ESCALATE,ESCALATE,Collect the suite/test logs and artifacts for this failure. Escalate to Etched engineer with the collected logs.,Hardware,6,CATEGORY_HARDWARE,SOHU,SohuEfuseTestCase,1X Module Test,,supercomputing-sw,harness 2026.216,FAILED,False,yes,,https://github.com/etched-ai/sw/blob/master/host/system_test/error_codes/doc/SohuEfuseTestCase.md#TH-SOHU-0008
TH-SOHU-0009-S2Q9,1,0.2,Sam Jiang,DRI 1 of SohuEfuseTestCase,James Chou,EFUSE_WS_FT_STATUS_INCOMPLETE,eFuse WS/FT / MBIST repair / SA repair status incomplete,2,ERROR_ISOLATE,9,QA_ESCALATE,ESCALATE,Collect the suite/test logs and artifacts for this failure. Escalate to Etched engineer with the collected logs.,Data,11,CATEGORY_DATA,SOHU,SohuEfuseTestCase,1X Module Test,,supercomputing-sw,harness 2026.216,FAILED,False,yes,,https://github.com/etched-ai/sw/blob/master/host/system_test/error_codes/doc/SohuEfuseTestCase.md#TH-SOHU-0009
TH-SOHU-0010-S2Q9,1,0.2,Sam Jiang,DRI 1 of SohuBusConnectivityTestCase,James Chou,BUS_CONNECTIVITY_CSR_ACCESS_FAIL,CSR read-write-verify-restore failed,2,ERROR_ISOLATE,9,QA_ESCALATE,ESCALATE,Collect the suite/test logs and artifacts for this failure. Escalate to Etched engineer with the collected logs.,Hardware,6,CATEGORY_HARDWARE,SOHU,SohuBusConnectivityTestCase,1X Module Test,,supercomputing-sw,harness 2026.216,FAILED,False,yes,,https://github.com/etched-ai/sw/blob/master/host/system_test/error_codes/doc/SohuBusConnectivityTestCase.md#TH-SOHU-0010
TH-SOHU-0011-S2Q9,1,0.2,Ulysses Kao,DRI 1 of SohuSramMemoryTestCase,Mykola Servetnyk,SRAM_TEST_FAIL,On-chip SRAM test failure (stuck bits / readback mismatch),2,ERROR_ISOLATE,9,QA_ESCALATE,ESCALATE,Collect the suite/test logs and artifacts for this failure. Escalate to Etched engineer with the collected logs.,Memory,3,CATEGORY_MEMORY,SOHU,SohuSramMemoryTestCase,1X Module Test,,supercomputing-sw,harness 2026.216,FAILED,False,yes,,https://github.com/etched-ai/sw/blob/master/host/system_test/error_codes/doc/SohuSramMemoryTestCase.md#TH-SOHU-0011
TH-SOHU-0012-S2Q9,1,0.2,Sam Jiang,DRI 1 of SaSortRampupHbmSingleChipTestCase,James Chou,SA_MATMUL_NUMERIC_MISMATCH,SA matmul numeric mismatch vs reference (ULP!=0),2,ERROR_ISOLATE,9,QA_ESCALATE,ESCALATE,Collect the suite/test logs and artifacts for this failure. Escalate to Etched engineer with the collected logs.,Hardware,6,CATEGORY_HARDWARE,SOHU,SaSortRampupHbmSingleChipTestCase,1X Module Test,ETCH-34131: SohuPowerVirusTestCase failures,supercomputing-sw,harness 2026.216,FAILED,False,yes,,https://github.com/etched-ai/sw/blob/master/host/system_test/error_codes/doc/SaSortRampupHbmSingleChipTestCase.md#TH-SOHU-0012
TH-SOHU-0014-S2Q9,1,0.2,Sam Jiang,DRI 1 of RunAllAttnTestsSingleChipTestCase,James Chou,ATTENTION_SAU_NUMERIC_MISMATCH,Attention/SAU numeric mismatch vs funcsim,2,ERROR_ISOLATE,9,QA_ESCALATE,ESCALATE,Collect the suite/test logs and artifacts for this failure. Escalate to Etched engineer with the collected logs.,Hardware,6,CATEGORY_HARDWARE,SOHU,"RunAllAttnTestsSingleChipTestCase, RunAllAttnHbmBypassTestsSingleChipTestCase, RunKvFlushTestsSingleChipTestCase, KvFlushAndAttentionSingleChipTestCase, KvFlushAndAttentionInterleavedSingleChipTestCase",1X Module Test,ETCH-35940: 267693980000009 - Failed RunAllAttnTestsSingleChipTestCase,supercomputing-sw,harness 2026.216,FAILED,False,yes,,https://github.com/etched-ai/sw/blob/master/host/system_test/error_codes/doc/RunAllAttnTestsSingleChipTestCase.md#TH-SOHU-0014
TH-SOHU-0015-S2Q9,1,0.2,Aidan Holm,DRI 1 of KayakTestCase,Jack Chou,WORKLOAD_HANG_OPERATION_TIMEOUT,Workload hang / operation timeout,2,ERROR_ISOLATE,9,QA_ESCALATE,ESCALATE,Collect the suite/test logs and artifacts for this failure. Escalate to Etched engineer with the collected logs.,Hardware,6,CATEGORY_HARDWARE,SOHU,"KayakTestCase, SohuPowerVirusTestCase, SohuLlamaMttTestCase",1X Module Test,ETCH-35548: SohuPowerVirusThermalTestCase failures,supercomputing-sw,harness 2026.216,FAILED,False,yes,,https://github.com/etched-ai/sw/blob/master/host/system_test/error_codes/doc/KayakTestCase.md#TH-SOHU-0015
TH-SOHU-0016-S2Q9,1,0.2,Ulysses Kao,DRI 1 of SohuWeightLoadTestCase,Mykola Servetnyk,WEIGHT_LOAD_SPOT_CHECK_MISMATCH,Weight load spot-check mismatch,2,ERROR_ISOLATE,9,QA_ESCALATE,ESCALATE,Collect the suite/test logs and artifacts for this failure. Escalate to Etched engineer with the collected logs.,Data,11,CATEGORY_DATA,SOHU,SohuWeightLoadTestCase,1X Module Test,,supercomputing-sw,harness 2026.216,FAILED,False,yes,,https://github.com/etched-ai/sw/blob/master/host/system_test/error_codes/doc/SohuWeightLoadTestCase.md#TH-SOHU-0016
TH-SOHU-0017-S2Q9,1,0.2,James Chou,DRI 1 of SohuLlamaMttTestCase,Aidan Holm,INFERENCE_DISPATCH_TIME_ABOVE_LIMIT,Sustained inference throughput on the million-token test did not reach 95% of the suite's expected_chip_tokens_per_second.,2,ERROR_ISOLATE,9,QA_ESCALATE,ESCALATE,Collect the suite/test logs and artifacts for this failure. Escalate to Etched engineer with the collected logs.,Hardware,6,CATEGORY_HARDWARE,SOHU,SohuLlamaMttTestCase,1X Module Test,,supercomputing-sw,harness 2026.216,FAILED,False,yes,,https://github.com/etched-ai/sw/blob/master/host/system_test/error_codes/doc/SohuLlamaMttTestCase.md#TH-SOHU-0017
TH-SOHU-0018-S2Q9,1,0.2,Aidan Holm,DRI 1 of SohuLlama8bFp8PrefillTestCase,James Chou,END_TO_END_INFERENCE_NUMERIC_MISMATCH,End-to-end inference numeric mismatch vs reference,2,ERROR_ISOLATE,9,QA_ESCALATE,ESCALATE,Collect the suite/test logs and artifacts for this failure. Escalate to Etched engineer with the collected logs.,Hardware,6,CATEGORY_HARDWARE,SOHU,"SohuLlama8bFp8PrefillTestCase, SohuLlama8bFp8ForwardTestCase, SohuLlamaForwardIteratedTestCase, KayakTestCase",1X Module Test,ETCH-34695: SohuLlama8bFp8PrefillTestCase failures,supercomputing-sw,harness 2026.216,FAILED,False,yes,,https://github.com/etched-ai/sw/blob/master/host/system_test/error_codes/doc/SohuLlama8bFp8PrefillTestCase.md#TH-SOHU-0018
TH-SOHU-0019-S2Q9,1,0.2,James Chou,DRI 1 of SohuFlrTestCase,Aidan Holm,FLR_FAILED,FLR failed / flr_timeout_s 5.0s / recovery_timeout_s 10.0s / not pingable between FLRs,2,ERROR_ISOLATE,9,QA_ESCALATE,ESCALATE,Collect the suite/test logs and artifacts for this failure. Escalate to Etched engineer with the collected logs.,Hardware,6,CATEGORY_HARDWARE,SOHU,SohuFlrTestCase,1X Module Test,,supercomputing-sw,harness 2026.216,FAILED,False,yes,,https://github.com/etched-ai/sw/blob/master/host/system_test/error_codes/doc/SohuFlrTestCase.md#TH-SOHU-0019
TH-SOHU-0020-S2Q9,1,0.2,Ulysses Kao,DRI 1 of SohuSauPllPhaseAlignmentTestCase,Mykola Servetnyk,SAU_PLL_CONFIG_FAIL,"SAU/SA PLL configuration failure: firmware did not report a safe phase alignment after FLR, or a requested PLL glitch frequency did not read back within 5% of target before timeout.",2,ERROR_ISOLATE,9,QA_ESCALATE,ESCALATE,Collect the suite/test logs and artifacts for this failure. Escalate to Etched engineer with the collected logs.,Hardware,6,CATEGORY_HARDWARE,SOHU,"SohuSauPllPhaseAlignmentTestCase, SetPllGlitchFreqTestCase",1X Module Test,ETCH-35301: SohuVfioPingTestCase failures,supercomputing-sw,harness 2026.216,FAILED,False,yes,,https://github.com/etched-ai/sw/blob/master/host/system_test/error_codes/doc/SohuSauPllPhaseAlignmentTestCase.md#TH-SOHU-0020
TH-SOHU-0021-S2Q9,1,0.2,Jack Chou,DRI 1 of SohuSaScreeningTestCase,Sam Jiang,DEFECTIVE_SA_COLUMNS_EXCEED_LIMIT,Defective SA column count exceeds screening limit,2,ERROR_ISOLATE,9,QA_ESCALATE,ESCALATE,Collect the suite/test logs and artifacts for this failure. Escalate to Etched engineer with the collected logs.,Hardware,6,CATEGORY_HARDWARE,SOHU,"SohuSaScreeningTestCase, SaSortRampupHbmSingleChipTestCase",1X Module Test,ETCH-35581: SohuSaScreeningTestCase failures,supercomputing-sw,harness 2026.216,FAILED,False,yes,,https://github.com/etched-ai/sw/blob/master/host/system_test/error_codes/doc/SohuSaScreeningTestCase.md#TH-SOHU-0021
TH-SOHU-0022-S2Q9,1,0.2,Jack Chou,DRI 1 of SohuPdTestCase,Sam Jiang,PD_CHAIN_READ_FAILURE,Process detector (PD) chain read failure,2,ERROR_ISOLATE,9,QA_ESCALATE,ESCALATE,Collect the suite/test logs and artifacts for this failure. Escalate to Etched engineer with the collected logs.,Hardware,6,CATEGORY_HARDWARE,SOHU,SohuPdTestCase,1X Module Test,ETCH-33887: SohuPdTestCase failure,supercomputing-sw,harness 2026.216,FAILED,False,yes,,https://github.com/etched-ai/sw/blob/master/host/system_test/error_codes/doc/SohuPdTestCase.md#TH-SOHU-0022
TH-SOHU-0023-S2Q9,1,0.2,Ulysses Kao,DRI 1 of SohuChipBinTestCase,Mykola Servetnyk,CHIP_BIN_BELOW_THRESHOLD,Chip bin below acceptance threshold / failed binning criteria,2,ERROR_ISOLATE,9,QA_ESCALATE,ESCALATE,Collect the suite/test logs and artifacts for this failure. Escalate to Etched engineer with the collected logs.,Hardware,6,CATEGORY_HARDWARE,SOHU,SohuChipBinTestCase,1X Module Test,,supercomputing-sw,harness 2026.216,FAILED,False,yes,,https://github.com/etched-ai/sw/blob/master/host/system_test/error_codes/doc/SohuChipBinTestCase.md#TH-SOHU-0023
TH-SOHU-0024-S5Q9,1,0.2,Ulysses Kao,DRI 1 of SohuChipBinTestCase,Mykola Servetnyk,SCREENING_DATA_MISSING,"Required screening data missing or failed to load (SA mask / bin inputs), including eFuse/Flash init-config read failures and invalid screening bin encodings.",5,ERROR_CONFIG,9,QA_ESCALATE,ESCALATE,Collect the suite/test logs and artifacts for this failure. Escalate to Etched engineer with the collected logs.,Config,5,CATEGORY_CONFIG,SOHU,"SohuChipBinTestCase, SohuSaScreeningTestCase, SaSortRampupHbmSingleChipTestCase",1X Module Test,ETCH-34698,supercomputing-sw,harness 2026.216,ERROR,False,yes,yes,https://github.com/etched-ai/sw/blob/master/host/system_test/error_codes/doc/SohuChipBinTestCase.md#TH-SOHU-0024
TH-SOHU-0025-S4Q6,1,0.2,Ulysses Kao,DRI 1 of SohuSnapTestCase,Mykola Servetnyk,CHIP_STATE_SNAPSHOT_FAILED,Chip state snapshot capture failed,4,ERROR_TRIAGE,6,QA_RETRY,HALT_ESCALATE,Escalate to Etched,Hardware,6,CATEGORY_HARDWARE,SOHU,SohuSnapTestCase,1X Module Test,,supercomputing-sw,harness 2026.216,FAILED,False,yes,,https://github.com/etched-ai/sw/blob/master/host/system_test/error_codes/doc/SohuSnapTestCase.md#TH-SOHU-0025
TH-SOHU-0025-S4Q9,1,0.2,Ulysses Kao,DRI 1 of SohuSnapTestCase,Mykola Servetnyk,CHIP_STATE_SNAPSHOT_FAILED,Chip state snapshot capture failed,4,ERROR_TRIAGE,9,QA_ESCALATE,ESCALATE,Collect the suite/test logs and artifacts for this failure. Escalate to Etched engineer with the collected logs.,Hardware,6,CATEGORY_HARDWARE,SOHU,SohuSnapTestCase,1X Module Test,,supercomputing-sw,harness 2026.216,FAILED,False,yes,,https://github.com/etched-ai/sw/blob/master/host/system_test/error_codes/doc/SohuSnapTestCase.md#TH-SOHU-0025
TH-SOHU-0026-S2Q9,1,0.2,Ulysses Kao,spec author (no DRI listed),,PLL_GLITCH_FREQUENCY_READBACK_FAILED,PLL glitch frequency did not read back within 5% of target before timeout,2,ERROR_ISOLATE,9,QA_ESCALATE,ESCALATE,Collect the suite/test logs and artifacts for this failure. Escalate to Etched engineer with the collected logs.,Hardware,6,CATEGORY_HARDWARE,SOHU,SetPllGlitchFreqTestCase,1X Module Test,,supercomputing-sw,harness 2026.216,FAILED,False,yes,yes,https://github.com/etched-ai/sw/blob/master/host/system_test/error_codes/doc/SetPllGlitchFreqTestCase.md#TH-SOHU-0026
TH-SOHU-0027-S2Q9,1,0.2,Ulysses Kao,DRI 1 of SohuVfioPingTestCase,Mykola Servetnyk,VFIO_PING_LATENCY_OUT_OF_SPEC,"VFIO ping responses received but none within the allowed latency (device pingable, latency out of spec)",2,ERROR_ISOLATE,9,QA_ESCALATE,ESCALATE,Collect the suite/test logs and artifacts for this failure. Escalate to Etched engineer with the collected logs.,Hardware,6,CATEGORY_HARDWARE,SOHU,SohuVfioPingTestCase,1X Module Test,,supercomputing-sw,harness 2026.216,FAILED,False,yes,yes,https://github.com/etched-ai/sw/blob/master/host/system_test/error_codes/doc/SohuVfioPingTestCase.md#TH-SOHU-0027
TH-SOHU-0028-S4Q9,1,0.2,James Chou,DRI 1 of SohuLlamaMttTestCase,Aidan Holm,,MTT binary exited non-zero for a reason the harness cannot determine,4,ERROR_TRIAGE,9,QA_ESCALATE,HALT_ESCALATE,Escalate to Etched,Software,,,SOHU,SohuLlamaMttTestCase,1X Module Test,,,,,,no,,
TH-THM-0001-S2Q6,1,0.2,Ulysses Kao,DRI 1 of SohuThermalDiodeTestCase,Mykola Servetnyk,THERMAL_READING_OUT_OF_RANGE,"Thermal diode temperature reading out of the qualified range, reported invalid by the sensor, or an uncalibrated mezzanine diode reading below 0 C.",2,ERROR_ISOLATE,6,QA_RETRY,RETRY,"Inspect the IBC TIM and ensure that the Sohu module is properly seated and secured in the fixture. Also verify that the Sohu module top cold plate is connected to the HRM cooling loop. If there is no trouble found, retest once.",Hardware,6,CATEGORY_HARDWARE,THM,"SohuThermalDiodeTestCase, SohuDtsTestCase",1X Module Test,ETCH-35857: MLT DTS faiure Peak-to-peak deviation: 33029224 uC is out of bounds (30000000),supercomputing-sw,harness 2026.216,FAILED,True,yes,,https://github.com/etched-ai/sw/blob/master/host/system_test/error_codes/doc/SohuThermalDiodeTestCase.md#TH-THM-0001
TH-THM-0002-S2Q6,1,0.2,Sam Jiang,DRI 1 of SohuDtsTestCase,James Chou,DTS_SENSOR_VARIATION_EXCEEDED,The peak-to-peak spread across usable Sohu DTS readings exceeded the configured deviation limit.,2,ERROR_ISOLATE,6,QA_RETRY,RETRY,"Inspect the IBC TIM and ensure that the Sohu module is properly seated and secured in the fixture. Also verify that the Sohu module top cold plate is connected to the HRM cooling loop. If there is no trouble found, retest once.",Hardware,6,CATEGORY_HARDWARE,THM,SohuDtsTestCase,1X Module Test,ETCH-35857: MLT DTS faiure Peak-to-peak deviation: 33029224 uC is out of bounds (30000000),supercomputing-sw,harness 2026.216,FAILED,True,yes,,https://github.com/etched-ai/sw/blob/master/host/system_test/error_codes/doc/SohuDtsTestCase.md#TH-THM-0002
TH-THM-0003-S2Q9,1,0.2,Sam Jiang,DRI 1 of SohuCtsTestCase,James Chou,CTS_PROTECTION_NO_SHUTDOWN,CTS protection did not shut off chip at minimum threshold,2,ERROR_ISOLATE,9,QA_ESCALATE,ESCALATE,Collect the suite/test logs and artifacts for this failure. Escalate to Etched engineer with the collected logs.,Hardware,6,CATEGORY_HARDWARE,THM,SohuCtsTestCase,1X Module Test,,supercomputing-sw,harness 2026.216,FAILED,False,yes,,https://github.com/etched-ai/sw/blob/master/host/system_test/error_codes/doc/SohuCtsTestCase.md#TH-THM-0003
TH-THM-0004-S2Q6,1,0.2,Jack Chou,DRI 1 of SohuPowerVirusThermalTestCase,Sam Jiang,CATASTROPHIC_TRIP_DURING_STRESS,Catastrophic trip event during stress workload,2,ERROR_ISOLATE,6,QA_RETRY,RETRY,"Inspect the IBC TIM and ensure that the Sohu module is properly seated and secured in the fixture. Also verify that the Sohu module top cold plate is connected to the HRM cooling loop. If there is no trouble found, retest once.",Hardware,6,CATEGORY_HARDWARE,THM,SohuPowerVirusThermalTestCase,1X Module Test,ETCH-35548: SohuPowerVirusThermalTestCase failures,supercomputing-sw,harness 2026.216,FAILED,True,yes,,https://github.com/etched-ai/sw/blob/master/host/system_test/error_codes/doc/SohuPowerVirusThermalTestCase.md#TH-THM-0004
TH-THM-0005-S4Q9,1,0.2,Sam Jiang,DRI 1 of SohuDtsTestCase,James Chou,DTS_PTP_DEVIATION_OUT_OF_BOUNDS,DTS peak-to-peak deviation under power virus out of bounds,4,ERROR_TRIAGE,9,QA_ESCALATE,ESCALATE,If any temperature reading is out of spec verify that the affected unit has completed the required 45-min TIM baking process. Collect the suite/test logs and artifacts for this failure. Escalate to Etched engineer with the collected logs.,Hardware,6,CATEGORY_HARDWARE,THM,"SohuDtsTestCase, SohuPowerVirusTestCase",1X Module Test,ETCH-35857: MLT DTS faiure Peak-to-peak deviation: 33029224 uC is out of bounds (30000000),supercomputing-sw,harness 2026.216,FAILED,False,yes,,https://github.com/etched-ai/sw/blob/master/host/system_test/error_codes/doc/SohuDtsTestCase.md#TH-THM-0005
TH-THM-0006-S2Q9,1,0.2,Jack Chou,DRI 1 of SohuPowerVirusThermalTestCase,Sam Jiang,DTS_PEAK_TEMPERATURE_EXCEEDS_MAX,Peak DTS temperature under power virus exceeds expected maximum,2,ERROR_ISOLATE,9,QA_ESCALATE,ESCALATE,If any temperature reading is out of spec verify that the affected unit has completed the required 45-min TIM baking process. Collect the suite/test logs and artifacts for this failure. Escalate to Etched engineer with the collected logs.,Hardware,6,CATEGORY_HARDWARE,THM,SohuPowerVirusThermalTestCase,1X Module Test,ETCH-34688: SohuPowerVirusThermalTestCase failures,supercomputing-sw,harness 2026.216,FAILED,False,yes,,https://github.com/etched-ai/sw/blob/master/host/system_test/error_codes/doc/SohuPowerVirusThermalTestCase.md#TH-THM-0006
TH-THM-0007-S4Q9,1,0.2,Ulysses Kao,DRI 1 of SohuThermalDiodeTestCase,Mykola Servetnyk,THERMAL_TELEMETRY_UNAVAILABLE,"TMP464 thermal telemetry unreadable or malformed — verdict inconclusive (test-system ERROR, excluded from yield)",4,ERROR_TRIAGE,9,QA_ESCALATE,ESCALATE,Collect the suite/test logs and artifacts for this failure. Escalate to Etched engineer with the collected logs.,Software,7,CATEGORY_SOFTWARE,THM,SohuThermalDiodeTestCase,1X Module Test,,supercomputing-sw,harness 2026.216,ERROR,False,yes,,https://github.com/etched-ai/sw/blob/master/host/system_test/error_codes/doc/SohuThermalDiodeTestCase.md#TH-THM-0007
